"ROUTE_YEAR","ROUTE_MONTH","ORIGIN","TOTAL_LEG_MILES","WEIGHTED_MILES_PER_STOP","MEDIAN_ROUTE_DAY_MILES_PER_STOP","P75_MILES_PER_STOP","MAX_MILES_PER_STOP","GEOGRAPHY_MULTIPLIER","ROUTE_DAYS","TOTAL_STOPS"
2026,5,"8130.LYAF",164681.74,256.11,131.84,293.88,1011.95,1.5,147,643
2026,5,XD_8165_TX_Dallas.HDSD,572.96,57.3,57.3,57.3,57.3,1.5,5,10
2026,5,"8155.PXCR",1107.07,50.32,50.32,50.32,50.32,1.5,11,22
2026,5,XD_8170_AZ_Flagstaff.AVBV,62250.05,96.06,44.18,95.79,322.29,1.5,80,648
2026,5,XD_8131_MT_Billings.ARHG,34126.8,36.15,35.66,84.96,432.81,1.5,210,944
2026,5,XD_8131_CO_ColoradoSprings.ARHG,4505.65,34.39,35.65,35.65,35.65,1.5,20,131
2026,5,XD_8170_AZ_WhiteMountain.DSOA,16923.67,31.11,35.39,40.45,77.1,1.5,100,544
2026,5,XD_8145_IA_ClearLake.CAPL,14619.51,29.24,35.03,40.27,45.96,1.5,200,500
2026,5,XD_8162_MI_Grayling.YZER,28336.78,31.42,34.82,36.02,61.73,1.5,200,902
2026,5,XD_8145_SD_Pierre.CAPL,14937.47,33.34,33.6,41.76,62.28,1.5,98,448
2026,5,XD_8145_SD_SiouxFalls.CAPL,21955.89,33.73,32.19,54.21,81.16,1.5,256,651
2026,5,XD_8149_AR_LittleRock.YZER,113519.76,31.45,32.17,49.89,184.89,1.5,443,3610
2026,5,XD_8131_WY_Casper.ARHG,31626.38,31.38,31.93,46.41,62.54,1.5,180,1008
2026,5,"8130.WPXC",4099.24,47.12,30.77,37.03,141.29,1.5,43,87
2026,5,XD_8131_CO_Denver.ARHG,13857.27,28.75,30.7,57.35,69.88,1.5,120,482
2026,5,XD_8165_KS_DodgeCity.CAPL,11791.84,23.97,29.46,35.24,55.72,1.5,133,492
2026,5,"8182.YZER",6169.19,27.3,29.38,33.16,47.06,1.5,82,226
2026,5,XD_8113_NY_Syracuse.YZER,1976.86,30.41,28.83,28.83,55.53,1.5,22,65
2026,5,XD_8110_MA_Franklin.PXCR,2029.77,23.88,27.39,37.16,52.11,1.5,24,85
2026,5,XD_8144_MI_CrystalFalls.YZER,30764.56,70.56,27.08,48.39,247.27,1.5,121,436
2026,5,XD_8145_ND_Minot.CAPL,10418.21,22.65,25.64,32.0,56.02,1.5,111,460
2026,5,XD_8131_CO_Pueblo.YZER,29212.49,32.39,25.04,39.01,86.59,1.5,80,902
2026,5,XD_8163_WV_Nitro.KBDL,68528.5,41.21,24.93,39.44,230.89,1.5,293,1663
2026,5,XD_8165_TX_Amarillo.HDSD,21195.67,16.19,24.91,28.57,52.42,1.5,207,1309
2026,5,XD_8120_MD_Savage.PXCR,35772.34,21.73,23.51,33.69,61.26,1.5,369,1646
2026,5,XD_8120_VA_Roanoke.YZER,23848.91,20.74,23.46,33.74,40.0,1.5,200,1150
2026,5,XD_8131_CO_GrandJunction.ARHG,36261.19,50.08,23.17,48.61,386.63,1.5,180,724
2026,5,XD_8145_KS_Topeka.CAPL,7048.39,14.27,22.19,28.26,46.27,1.5,100,494
2026,5,XD_8163_KY_Paducah.KBDL,20860.7,19.57,21.7,25.38,49.05,1.5,260,1066
2026,5,XD_8131_NE_Nebraska.CAPL,5404.78,18.14,21.56,24.4,31.6,1.5,60,298
2026,5,XD_8195_FL_Tallahassee.HDSD,14887.99,15.8,21.23,28.04,87.62,1.5,223,942
2026,5,XD_8120_NC_Kinston.YZER,8545.1,16.5,21.03,23.66,24.56,1.5,120,518
2026,5,XD_8165_TX_WichitaFalls.CAPL,24589.76,43.22,20.99,58.6,66.36,1.5,60,569
2026,5,XD_8180_UT_CedarCity.RIDS,11854.19,19.56,20.29,55.46,83.19,1.5,139,606
2026,5,XD_8180_MT_GreatFalls.RIDS,10255.28,15.44,19.81,38.26,67.14,1.5,80,664
2026,5,XD_8120_NC_RockyMount.YZER,3037.46,21.7,18.96,34.98,34.98,1.5,60,140
2026,5,XD_8163_OH_Cadiz.KBDL,95910.79,64.85,18.91,21.47,1272.72,1.5,201,1479
2026,5,"8180.IHEA",3846.27,19.04,18.82,21.94,77.5,1.5,79,202
2026,5,XD_8145_ND_Fargo.CAPL,51292.91,28.66,18.8,30.65,382.07,1.5,280,1790
2026,5,XD_8148_GA_Albany.MDGA,31475.57,19.35,18.78,26.45,51.04,1.5,374,1627
2026,5,XD_8126_MS_Jackson.HDSD,55874.35,16.58,18.5,25.93,45.25,1.5,656,3369
2026,5,XD_8145_NE_Norfolk.CAPL,30791.21,79.56,18.24,20.67,1416.43,1.5,100,387
2026,5,XD_8144_IL_Bloomington.YZER,47669.94,32.85,18.12,22.87,301.84,1.5,180,1451
2026,5,XD_8145_IA_FortDodge.CAPL,6394.63,14.24,18.07,24.11,32.5,1.5,108,449
2026,5,XD_8115_LA_Shreveport.YZER,17264.46,13.93,18.0,27.75,125.52,1.5,145,1239
2026,5,"8144.YZER",32353.4,97.45,17.89,186.22,372.45,1.5,128,332
2026,5,XD_8165_KS_Parsons.CAPL,3712.3,16.0,17.6,23.72,26.33,1.5,80,232
2026,5,XD_8173_WA_Wenatchee.WPXC,5185.51,13.26,17.3,20.05,38.36,1.5,100,391
2026,5,XD_8165_TX_Abilene.HDSD,68817.46,48.6,17.18,25.79,5603.26,1.5,227,1416
2026,5,XD_8163_OH_Columbus.KBDL,49964.35,18.09,17.01,29.86,109.32,1.5,403,2762
2026,5,"8160.YZER",6995.53,13.17,16.63,16.91,19.6,1.5,60,531
2026,5,XD_8131_SD_Scottsbluff.CAPL,5933.94,12.93,16.55,25.53,25.53,1.5,40,459
2026,5,XD_8148_NC_Lumberton.YZER,26188.07,14.22,16.23,22.79,40.63,1.5,378,1841
2026,5,XD_8145_ND_Bismarck.CAPL,37053.29,55.22,16.12,29.33,434.46,1.5,160,671
2026,5,XD_8144_WI_Appleton.MEDD,9763.71,15.52,16.08,22.71,44.29,1.5,149,629
2026,5,XD_8173_WA_Spokane.WPXC,34074.92,15.62,15.92,29.29,70.57,1.5,465,2181
2026,5,"8120.YZER",11586.87,14.5,15.77,19.64,60.56,1.5,140,799
2026,5,XD_8165_KS_Hays.CAPL,3682.19,21.28,15.63,52.08,52.08,1.5,57,173
2026,5,XD_8183_MO_Springfield.CAPL,26517.19,13.92,15.36,27.39,49.11,1.5,320,1905
2026,5,XD_8165_TX_Lubbock.HDSD,25528.56,17.68,15.23,29.07,92.54,1.5,280,1444
2026,5,XD_8144_WI_Greenville.YZER,14346.99,12.89,14.93,21.68,42.7,1.5,278,1113
2026,5,"8160.AXLG",592.77,14.82,14.82,14.82,14.82,1.5,20,40
2026,5,XD_8148_TN_Knoxville.YZER,27387.41,14.74,14.77,26.23,40.93,1.5,272,1858
2026,5,XD_8145_NE_GrandIsland.CAPL,18431.84,22.26,14.73,24.87,175.79,1.5,160,828
2026,5,XD_8115_TX_Tyler.YZER,26986.94,12.89,14.53,18.76,91.04,1.5,248,2093
2026,5,XD_8144_IL_Galesburg.YZER,4328.69,14.57,14.44,16.45,19.16,1.5,40,297
2026,5,XD_8145_IA_Davenport.CAPL,6331.79,11.09,14.13,19.82,28.82,1.5,163,571
2026,5,XD_8115_LA_Lafayette.HDSD,31551.78,13.89,14.08,20.63,52.3,1.5,379,2272
2026,5,XD_8120_PA_Aston.PXCR,14922.82,15.66,14.02,21.22,51.41,1.5,131,953
2026,5,XD_8165_KS_Salina.CAPL,1967.79,8.67,13.98,17.18,18.61,1.5,60,227
2026,5,XD_8155_PA_Reading.PXCR,45014.34,13.96,13.69,24.68,128.88,1.5,648,3225
2026,5,XD_8180_MT_Missoula.RIDS,11242.1,14.23,13.67,22.94,58.08,1.5,158,790
2026,5,XD_8180_MT_Butte.RIDS,6565.64,12.85,13.66,20.71,27.08,1.5,99,511
2026,5,XD_8131_CO_Bayfield.ARHG,3761.51,14.04,13.61,14.45,17.06,1.5,20,268
2026,5,XD_8163_KY_Lexington.KBDL,33889.08,14.49,13.58,24.81,63.69,1.5,344,2339
2026,5,XD_8183_MO_CapeGirardeau.KBDL,21136.04,16.26,13.57,20.37,254.9,1.5,300,1300
2026,5,XD_8148_GA_Macon.MDGA,17530.29,13.28,13.49,18.86,50.28,1.5,369,1320
2026,5,XD_8145_WI_Wausau.CAPL,13775.68,16.52,13.46,23.55,64.79,1.5,180,834
2026,5,"8149.YZER",138107.09,61.82,13.35,18.38,4431.48,1.5,229,2234
2026,5,XD_8148_GA_Savannah.MDGA,22956.31,16.62,13.3,23.84,52.3,1.5,338,1381
2026,5,XD_8163_PA_Pittsburgh.YZER,30599.39,15.61,13.25,16.76,85.1,1.5,258,1960
2026,5,XD_8148_GA_ForestPark.MDGA,9312.56,10.18,13.23,18.49,21.37,1.5,140,915
2026,5,XD_8170_AZ_Kingman.AVBV,5884.21,11.27,13.13,16.17,16.43,1.5,80,522
2026,5,XD_8110_ME_Bangor.PXCR,14257.39,15.55,13.02,31.64,55.67,1.5,167,917
2026,5,XD_8163_IN_Evansville.KBDL,13840.31,13.35,12.99,18.75,63.98,1.5,229,1037
2026,5,XD_8162_MI_GrandRapids.YZER,38671.35,12.6,12.84,17.43,23.76,1.5,280,3068
2026,5,XD_8160_NY_Middletown.AXLG,18334.68,12.46,12.78,16.29,39.88,1.5,320,1472
2026,5,XD_8148_SC_Columbia.YZER,31671.99,13.34,12.63,18.61,36.0,1.5,355,2375
2026,5,XD_8115_TX_Carrollton.DSOA,23091.19,9.78,12.51,20.67,30.43,1.5,240,2361
2026,5,XD_8145_IA_Grimes.CAPL,20400.29,14.16,12.49,29.07,62.5,1.5,371,1441
2026,5,XD_8160_NY_Syracuse.YZER,60415.93,12.81,12.44,17.16,245.51,1.5,611,4717
2026,5,XD_8145_MN_Clearwater.CAPL,13481.42,11.78,12.41,17.47,33.85,1.5,196,1144
2026,5,XD_8145_WI_EauClaire.CAPL,16322.8,13.35,12.24,17.69,23.25,1.5,180,1223
2026,5,XD_8120_NC_Durham.YZER,20239.32,15.45,12.24,19.47,64.83,1.5,360,1310
2026,5,XD_8180_UT_Midvale.IHEA,14080.93,18.6,12.21,24.09,94.57,1.5,229,757
2026,5,XD_8145_MN_Duluth.CAPL,20680.58,22.33,12.16,21.63,249.92,1.5,180,926
2026,5,XD_8131_WY_Cheyenne.ARHG,3238.94,9.18,12.13,36.04,64.99,1.5,82,353
2026,5,"8170.DSOA",2286.71,12.04,12.04,12.7,15.04,1.5,19,190
2026,5,XD_8110_VT_EssexJunction.PXCR,27445.33,25.04,12.02,13.22,324.55,1.5,100,1096
2026,5,XD_8145_MN_Mankato.CAPL,9270.66,11.1,11.79,28.37,37.28,1.5,140,835
2026,5,XD_8115_AR_Texarkana.YZER,4987.08,9.25,11.54,17.32,17.32,1.5,63,539
2026,5,XD_8155_MD_Annapolis.PXCR,2158.1,6.62,11.36,14.86,18.24,1.5,52,326
2026,5,XD_8126_AL_Montgomery.YZER,27754.94,12.64,11.35,16.16,42.38,1.5,270,2195
2026,5,XD_8149_TN_Memphis.YZER,50790.26,16.49,11.32,16.09,60.03,1.5,302,3080
2026,5,"8115.YZER",19629.16,9.4,11.28,17.67,25.18,1.5,180,2089
2026,5,XD_8162_IN_SouthBend.YZER,42655.45,12.45,11.0,17.3,29.97,1.49,360,3425
2026,5,XD_8183_MO_Columbia.CAPL,15717.22,11.54,10.99,20.28,27.88,1.49,200,1362
2026,5,XD_8120_VA_Richmond.YZER,29529.2,13.04,10.78,23.13,55.77,1.48,381,2264
2026,5,XD_8180_ID_TwinFalls.RIDS,4820.42,8.72,10.6,14.47,36.66,1.47,80,553
2026,5,XD_8110_NH_Bedford.PXCR,20835.48,9.3,10.54,13.12,22.35,1.47,324,2240
2026,5,XD_8160_CT_RockyHill.YZER,154144.16,37.55,10.51,14.08,993.88,1.47,420,4105
2026,5,XD_8162_OH_Toledo.KBDL,21489.97,9.65,10.26,20.29,23.64,1.46,320,2227
2026,5,XD_8145_ND_GrandForks.CAPL,7640.42,15.72,10.19,24.1,49.2,1.45,100,486
2026,5,XD_8195_FL_Pensacola.HDSD,8401.27,9.98,10.19,18.34,33.53,1.45,195,842
2026,5,XD_8165_AR_FortSmith.CAPL,18158.92,12.82,10.17,16.38,50.13,1.45,160,1417
2026,5,XD_8163_KY_Louisville.KBDL,33693.19,15.66,10.15,31.6,87.71,1.45,469,2152
2026,5,XD_8126_AL_Mobile.YZER,33359.3,16.7,10.09,19.58,336.24,1.45,223,1997
2026,5,XD_8182_NV_Reno.DSOA,12523.3,13.82,9.7,27.82,108.4,1.43,151,906
2026,5,XD_8126_AL_Madison.YZER,25116.07,10.09,9.69,11.01,101.2,1.43,285,2489
2026,5,XD_8145_IA_SiouxCity.CAPL,4722.37,9.43,9.68,15.58,18.59,1.43,100,501
2026,5,"8126.YZER",84421.71,15.39,9.52,15.22,197.34,1.43,525,5484
2026,5,XD_8163_OH_Cleveland.YZER,5138.99,18.89,9.5,20.37,51.58,1.42,76,272
2026,5,XD_8126_MS_Tupelo.YZER,11781.9,14.42,9.46,13.71,131.58,1.42,100,817
2026,5,"8138.XPRS",49491.2,19.77,9.31,27.5,2528.15,1.42,323,2503
2026,5,XD_8160_NY_Colonie.AXLG,74750.49,49.28,9.28,30.23,296.02,1.41,366,1517
2026,5,XD_8180_ID_Pocatello.RIDS,6035.2,9.56,9.28,20.86,32.09,1.41,100,631
2026,5,"8110.YZER",54739.99,9.52,9.25,12.81,34.24,1.41,640,5747
2026,5,XD_8110_CT_Meriden.PXCR,864.23,6.86,9.24,9.24,12.41,1.41,49,126
2026,5,XD_8162_PA_Pittsburgh.YZER,203014.85,64.59,9.17,18.95,1337.05,1.41,360,3143
2026,5,XD_8147_CA_SantaBarbara.YZER,15948.27,9.29,9.07,14.83,29.1,1.4,220,1717
2026,5,XD_8170_AZ_Yuma.AVBV,1703.66,4.32,9.04,9.04,31.88,1.4,48,394
2026,5,"8160.LEXQ",760.98,9.06,8.98,9.0,11.77,1.4,26,84
2026,5,XD_8148_SC_Greenville.YZER,22753.91,9.47,8.95,17.83,36.08,1.4,335,2402
2026,5,XD_8120_NC_Greensboro.YZER,26766.09,9.51,8.94,13.18,38.85,1.4,510,2814
2026,5,"8155.YZER",225.74,8.68,8.85,8.85,10.48,1.39,5,26
2026,5,XD_8160_NY_Cheektowaga.YZER,62107.31,25.61,8.79,17.25,406.38,1.39,421,2425
2026,5,XD_8182_CA_Petaluma.FCCD,13198.21,10.24,8.7,19.7,42.19,1.39,268,1289
2026,5,XD_8115_TX_CorpusChristi.HDSD,10769.09,9.76,8.38,20.52,24.74,1.37,140,1103
2026,5,XD_8163_OH_Dayton.KBDL,13982.02,10.54,8.34,13.94,25.9,1.37,231,1327
2026,5,XD_8182_CA_Fresno.YZER,29029.37,19.52,8.33,13.11,198.09,1.37,220,1487
2026,5,XD_8144_WI_Sheboygan.MEDD,1091.31,7.8,8.09,9.36,9.36,1.36,40,140
2026,5,XD_8173_OR_Salem.DSOA,6946.97,10.31,8.06,15.94,18.21,1.36,100,674
2026,5,XD_8173_OR_Pendleton.DSOA,7947.41,9.69,8.0,9.89,45.15,1.35,129,820
2026,5,XD_8110_ME_Westbrook.PXCR,9394.82,9.67,7.99,17.02,24.39,1.35,264,972
2026,5,XD_8162_OH_Cleveland.YZER,39753.37,9.35,7.89,13.97,26.79,1.35,560,4251
2026,5,XD_8195_FL_Ocala.HDSD,4890.06,6.95,7.85,8.22,10.24,1.35,80,704
2026,5,"8165.CAPL",53160.91,7.84,7.76,13.84,112.87,1.34,553,6777
2026,5,XD_8180_UT_SaltLakeCity.RIDS,50226.78,12.74,7.68,14.77,135.39,1.34,780,3941
2026,5,XD_8145_WI_LaCrosse.CAPL,6767.17,10.9,7.66,14.85,32.16,1.34,160,621
2026,5,XD_8182_CA_Eureka.FCCD,2764.05,7.59,7.62,10.15,16.82,1.33,85,364
2026,5,XD_8131_SD_RapidCity.CAPL,4137.84,10.64,7.57,16.78,35.55,1.33,80,389
2026,5,XD_8162_MI_Flint.YZER,26499.31,10.97,7.53,14.5,38.02,1.33,263,2415
2026,5,XD_8148_NC_Charlotte.YZER,32858.68,8.66,7.04,13.74,39.0,1.3,638,3793
2026,5,XD_8145_NE_Lincoln.CAPL,9966.25,8.05,6.99,11.8,25.59,1.3,200,1238
2026,5,XD_8173_OR_Eugene.DSOA,10040.24,8.59,6.9,11.71,26.55,1.29,182,1169
2026,5,XD_8148_TN_Chattanooga.MDGA,9489.79,6.75,6.83,9.07,16.74,1.29,165,1405
2026,5,"8195.YZER",6427.9,6.08,6.81,8.57,10.7,1.29,100,1057
2026,5,XD_8145_MN_Brainerd.CAPL,3252.55,6.37,6.81,7.93,11.91,1.29,60,511
2026,5,XD_8183_MO_STLROI.CAPL,7065.14,7.37,6.77,12.12,18.18,1.29,160,959
2026,5,XD_8126_LA_NewOrleans.HDSD,20955.68,7.8,6.71,12.51,25.26,1.28,530,2688
2026,5,XD_8115_LA_NewOrleans.HDSD,21000.04,17.16,6.68,13.27,286.46,1.28,300,1224
2026,5,XD_8149_TN_Nashville.YZER,947.08,8.69,6.65,6.65,35.29,1.28,24,109
2026,5,"8163.KBDL",770.26,7.13,6.59,7.97,8.24,1.28,27,108
2026,5,XD_8195_FL_Jacksonville.YZER,14236.0,7.58,6.53,8.39,117.02,1.27,214,1879
2026,5,XD_8182_CA_Salida.YZER,15694.47,7.54,6.46,10.06,61.98,1.27,290,2082
2026,5,XD_8115_TX_SanAntonioYZER.YZER,62036.98,9.88,6.44,16.64,44.74,1.27,546,6282
2026,5,XD_8170_TX_ElPaso.DMYC,14040.89,8.69,6.41,23.4,31.79,1.27,306,1615
2026,5,XD_8163_TN_Nashville.YZER,28218.55,7.58,6.34,11.11,37.04,1.26,392,3721
2026,5,XD_8170_NM_Albuquerque.DMYC,36233.77,14.48,6.29,35.01,90.0,1.26,557,2503
2026,5,XD_8183_MO_Joplin.CAPL,1293.54,4.43,6.25,7.3,16.3,1.26,44,292
2026,5,XD_8165_OK_Tulsa.CAPL,23078.86,6.63,6.19,9.78,18.2,1.25,300,3480
2026,5,XD_8144_WI_MilwaukeeMed.MEDD,10858.47,6.35,6.13,9.2,72.67,1.25,323,1711
2026,5,XD_8195_FL_Tampa.YZER,43743.92,7.39,6.13,11.3,80.55,1.25,505,5918
2026,5,XD_8173_WA_Yakima.WPXC,5363.9,7.21,6.07,11.62,23.77,1.25,120,744
2026,5,XD_8145_MO_KansasCity.CAPL,41887.22,9.0,6.06,15.59,42.06,1.24,865,4652
2026,5,"8148.YZER",41638.54,6.65,6.06,8.71,36.5,1.24,648,6262
2026,5,XD_8170_AZ_PrescottValley.AVBV,2710.68,5.89,5.91,6.39,6.39,1.24,40,460
2026,5,XD_8115_TX_Harlingen.HDSD,14982.26,5.81,5.74,7.54,59.63,1.22,229,2577
2026,5,XD_8163_IN_Indianapolis.KBDL,16098.96,8.93,5.69,15.32,20.45,1.22,240,1803
2026,5,XD_8112_WA_Arlington.YZER,33947.51,7.11,5.57,10.05,46.75,1.21,571,4775
2026,5,XD_8148_SC_Charleston.YZER,6044.45,4.69,5.48,7.75,16.58,1.21,167,1290
2026,5,XD_8163_OH_Cincinnati.KBDL,14453.79,7.18,5.45,7.98,26.62,1.21,313,2012
2026,5,XD_8155_NJ_Moorestown.YZER,49476.48,5.74,5.31,7.57,30.37,1.2,814,8617
2026,5,"8183.CAPL",76.08,5.43,5.26,5.26,6.51,1.19,5,14
2026,5,"8183.YZER",525.3,4.96,5.25,5.25,5.25,1.19,20,106
2026,5,XD_8144_IL_Naperville.YZER,62451.49,5.98,5.15,7.25,48.74,1.19,995,10449
2026,5,XD_8182_CA_Sacramento.YZER,26241.47,5.67,5.13,9.24,40.22,1.18,542,4632
2026,5,XD_8120_VA_Norfolk.YZER,7820.74,5.68,5.07,13.83,32.63,1.18,242,1376
2026,5,XD_8165_TX_Midland.HDSD,5648.44,8.1,4.83,30.96,45.48,1.16,123,697
2026,5,XD_8173_OR_Portland.DSOA,21133.44,5.72,4.68,7.88,31.15,1.15,430,3692
2026,5,XD_8162_MI_Livonia.YZER,61958.5,5.28,4.67,6.52,40.74,1.15,1100,11728
2026,5,XD_8165_KS_Wichita.CAPL,10204.57,8.68,4.67,13.25,43.1,1.15,253,1176
2026,5,XD_8180_UT_SaltLakeCityDSOA.DSOA,5247.68,3.51,4.66,6.71,18.83,1.15,330,1496
2026,5,XD_8183_MO_StLouis.YZER,77645.81,13.08,4.57,17.4,260.16,1.14,490,5936
2026,5,XD_8195_FL_Orlando.YZER,40647.24,8.33,4.57,7.74,338.9,1.14,465,4881
2026,5,"8112.YZER",2824.45,5.1,4.53,7.44,10.2,1.14,71,554
2026,5,XD_8120_VA_Madisonheights.YZER,2052.19,5.55,4.45,7.21,13.08,1.13,80,370
2026,5,XD_8115_LA_BatonRouge.HDSD,13119.69,7.2,4.44,11.04,36.8,1.13,273,1823
2026,5,XD_8195_FL_WestPalmBeach.YZER,13508.8,5.15,4.34,5.82,20.58,1.13,179,2624
2026,5,XD_8182_CA_UnionCity.YZER,39261.67,4.87,4.33,6.49,37.64,1.13,779,8065
2026,5,XD_8131_CO_DenverYzer.YZER,15264.64,9.78,4.27,21.23,63.3,1.12,80,1561
2026,5,XD_8115_TX_Austin.YZER,32760.64,6.94,4.27,9.88,45.7,1.12,345,4718
2026,5,XD_8145_IA_CedarRapids.CAPL,6379.98,6.45,4.22,12.98,23.94,1.12,221,989
2026,5,XD_8120_MD_Hanover.YZER,47168.85,5.19,4.18,7.36,46.98,1.11,850,9095
2026,5,XD_8165_AR_Springdale.CAPL,7673.43,4.3,4.16,4.57,12.89,1.11,132,1784
2026,5,XD_8115_TX_Houston.YZER,64029.25,5.55,4.02,7.75,107.35,1.1,802,11540
2026,5,XD_8195_FL_Gainesville.HDSD,4519.44,7.61,4.01,15.67,23.56,1.1,173,594
2026,5,"8173.DSOA",2460.42,3.68,3.96,4.58,8.06,1.1,60,669
2026,5,XD_8144_WI_Madison.YZER,19537.97,7.97,3.95,13.14,24.12,1.09,330,2450
2026,5,XD_8182_CA_Redding.FCCD,6996.14,14.05,3.94,30.68,35.05,1.09,110,498
2026,5,XD_8144_WI_Milwaukee.YZER,19611.45,6.9,3.93,5.89,156.29,1.09,205,2842
2026,5,XD_8180_ID_Boise.RIDS,8207.61,5.52,3.88,6.41,25.86,1.09,200,1486
2026,5,"8147.YZER",72533.85,6.86,3.82,7.98,225.05,1.08,1259,10577
2026,5,XD_8147_CA_Ontario.YZER,26067.35,4.68,3.75,6.84,22.57,1.08,540,5575
2026,5,"8131.YZER",28201.26,5.78,3.58,6.66,93.85,1.06,275,4878
2026,5,XD_8165_TX_Carrollton.DSOA,66730.91,5.21,3.58,5.83,42.67,1.06,1040,12802
2026,5,XD_8173_OR_CentralPoint.DSOA,7633.0,8.49,3.55,12.42,68.6,1.06,203,899
2026,5,XD_8147_CA_PalmSprings.YZER,6270.6,6.28,3.51,10.33,22.34,1.06,119,998
2026,5,XD_8195_FL_Miami.YZER,25811.77,5.97,3.33,5.88,303.44,1.04,340,4320
2026,5,XD_8112_WA_Auburn.YZER,54105.84,4.58,3.3,5.25,531.48,1.04,1066,11817
2026,5,XD_8145_MN_StPaul.CAPL,26970.6,3.62,3.22,5.79,61.73,1.03,1027,7454
2026,5,XD_8170_NV_LasVegas.YZER,12821.42,4.63,3.09,3.49,143.03,1.02,233,2769
2026,5,XD_8145_NE_Omaha.CAPL,15650.77,6.98,3.08,13.62,36.54,1.02,365,2242
2026,5,XD_8147_CA_SanDiego.YZER,21026.97,4.4,3.06,4.28,349.94,1.01,431,4777
2026,5,XD_8160_NY_Farmingdale.YZER,34570.75,3.53,3.03,4.76,33.53,1.01,663,9807
2026,5,"8170.AVBV",14979.47,3.34,2.92,6.25,22.83,1.0,415,4490
2026,5,XD_8155_NJ_Carlstadt.YZER,45381.11,2.98,2.9,4.32,22.52,1.0,1207,15212
2026,5,XD_8170_AZ_Tucson.DSOA,16517.29,5.71,2.75,8.03,33.8,0.98,264,2895
2026,5,XD_8147_CA_LosAngeles.YZER,115919.29,9.07,2.63,3.42,494.55,0.97,1177,12780
2026,5,XD_8183_KS_LeavenworthCMOP.ACKG,413.96,2.39,2.59,10.35,10.35,0.96,40,173
2026,5,XD_8173_OR_Bend.DSOA,5683.49,7.71,2.53,15.18,58.2,0.96,130,737
2026,5,XD_8147_CA_Bakersfield.YZER,2597.16,2.87,2.43,4.06,4.09,0.95,100,905
2026,5,XD_8170_AZ_Chandler.AVBV,15556.78,3.28,2.37,3.18,33.76,0.94,320,4748
2026,5,XD_8160_NJ_Carlstadt.YZER,4966.44,1.86,2.11,2.6,21.05,0.91,224,2663
2026,5,XD_8130_AK_Anchorage.WPXC,5593.54,5.74,2.09,2.93,24.08,0.9,176,974
2026,5,XD_8165_KS_Emporia.CAPL,1187.34,13.65,1.52,39.16,39.16,0.82,34,87
2026,5,XD_8160_MA_ChelmsfordCMOP.YZER,1.61,0.01,0.01,0.01,0.02,0.18,20,138
2026,5,XD_8115_TX_SanAntonioHEB.YZER,0.11,0.0,0.0,0.0,0.0,0.0,20,904
2026,6,"8130.LYAF",183177.01,260.19,131.84,293.88,982.09,1.5,164,704
2026,6,XD_8165_TX_Dallas.HDSD,458.37,57.3,57.3,57.3,57.3,1.5,4,8
2026,6,"8155.PXCR",1769.24,52.04,50.32,50.32,79.48,1.5,17,34
2026,6,XD_8131_CO_Denver.ARHG,15513.43,29.61,37.39,57.18,69.88,1.5,132,524
2026,6,XD_8131_CO_ColoradoSprings.ARHG,5166.67,34.91,35.65,35.65,35.65,1.5,22,148
2026,6,XD_8170_AZ_WhiteMountain.DSOA,18686.85,31.46,35.39,40.45,77.1,1.5,110,594
2026,6,XD_8145_IA_ClearLake.CAPL,16081.44,29.24,35.03,40.27,45.96,1.5,220,550
2026,6,XD_8162_MI_Grayling.YZER,30700.63,31.52,34.82,38.53,64.31,1.5,220,974
2026,6,XD_8145_SD_Pierre.CAPL,16405.02,33.48,33.6,41.76,64.87,1.5,108,490
2026,6,XD_8131_MT_Billings.ARHG,37862.65,36.72,32.32,84.96,433.09,1.5,225,1031
2026,6,XD_8145_SD_SiouxFalls.CAPL,23963.83,33.7,32.19,54.21,81.16,1.5,280,711
2026,6,XD_8131_WY_Casper.ARHG,34793.47,30.96,31.93,46.41,62.54,1.5,198,1124
2026,6,XD_8170_AZ_Flagstaff.AVBV,67770.83,96.68,31.49,101.41,366.66,1.5,88,701
2026,6,"8163.YZER",279.61,27.96,31.07,31.07,31.07,1.5,3,10
2026,6,"8130.WPXC",4848.61,49.99,30.77,37.03,141.29,1.5,48,97
2026,6,XD_8149_AR_LittleRock.YZER,114911.36,29.37,29.9,49.89,110.2,1.5,481,3913
2026,6,XD_8145_ND_Minot.CAPL,11431.76,24.12,29.57,32.58,56.02,1.5,123,474
2026,6,XD_8165_KS_DodgeCity.CAPL,12940.2,23.79,29.46,35.24,55.72,1.5,143,544
2026,6,"8182.YZER",6812.86,27.36,29.38,33.64,49.4,1.5,91,249
2026,6,XD_8113_NY_Syracuse.YZER,12991.15,29.46,28.83,30.32,88.8,1.5,141,441
2026,6,XD_8110_MA_Franklin.PXCR,1694.05,24.55,27.39,33.25,51.8,1.5,23,69
2026,6,XD_8144_MI_CrystalFalls.YZER,31713.73,65.93,25.06,48.39,216.36,1.5,132,481
2026,6,XD_8131_CO_Pueblo.YZER,32614.31,33.31,24.92,39.01,86.59,1.5,88,979
2026,6,XD_8165_TX_Amarillo.HDSD,23580.01,16.33,24.91,28.57,52.42,1.5,228,1444
2026,6,XD_8180_MT_GreatFalls.RIDS,12350.89,17.25,24.85,35.85,58.27,1.5,109,716
2026,6,XD_8163_WV_Nitro.KBDL,75947.69,41.96,23.53,39.44,230.89,1.5,316,1810
2026,6,XD_8120_MD_Savage.PXCR,39385.06,21.68,23.51,33.69,51.53,1.5,407,1817
2026,6,XD_8120_VA_Roanoke.YZER,26169.36,20.85,23.46,33.74,43.82,1.5,220,1255
2026,6,XD_8145_KS_Topeka.CAPL,7748.45,14.4,22.19,28.26,46.27,1.5,110,538
2026,6,XD_8163_KY_Paducah.KBDL,22942.29,19.49,21.7,25.38,49.05,1.5,286,1177
2026,6,XD_8195_FL_Tallahassee.HDSD,16377.08,15.87,21.68,28.04,87.62,1.5,247,1032
2026,6,XD_8131_CO_GrandJunction.ARHG,13850.97,17.53,21.49,39.25,60.62,1.5,198,790
2026,6,XD_8120_NC_Kinston.YZER,9393.76,16.66,21.03,23.66,24.56,1.5,132,564
2026,6,XD_8165_TX_WichitaFalls.CAPL,27030.48,43.53,20.99,58.61,66.36,1.5,66,621
2026,6,XD_8180_UT_CedarCity.RIDS,12549.84,19.4,20.29,55.46,82.5,1.5,151,647
2026,6,XD_8120_NC_RockyMount.YZER,3341.21,21.7,18.96,34.98,34.98,1.5,66,154
2026,6,XD_8163_OH_Cadiz.KBDL,115018.62,71.22,18.91,22.17,1272.73,1.5,220,1615
2026,6,"8180.IHEA",4683.43,20.54,18.82,21.94,77.5,1.5,93,228
2026,6,XD_8148_GA_Albany.MDGA,33833.79,19.23,18.78,26.45,67.8,1.5,406,1759
2026,6,XD_8145_ND_Fargo.CAPL,58258.53,29.13,18.67,31.65,381.35,1.5,308,2000
2026,6,XD_8126_MS_Jackson.HDSD,61112.19,16.61,18.5,25.93,45.25,1.5,716,3679
2026,6,XD_8145_NE_Norfolk.CAPL,38635.12,91.99,18.24,20.67,1416.43,1.5,109,420
2026,6,"8144.YZER",34423.3,94.83,18.17,186.22,372.45,1.5,145,363
2026,6,XD_8145_IA_FortDodge.CAPL,6811.49,13.96,18.07,18.2,32.5,1.5,115,488
2026,6,XD_8144_IL_Bloomington.YZER,52257.3,33.31,17.98,24.23,301.84,1.5,198,1569
2026,6,XD_8145_MN_Duluth.CAPL,37454.16,36.36,17.71,21.63,284.97,1.5,198,1030
2026,6,XD_8165_KS_Parsons.CAPL,4064.79,16.26,17.6,23.72,26.33,1.5,88,250
2026,6,XD_8131_NE_Nebraska.CAPL,5703.64,17.94,17.57,24.4,31.6,1.5,66,318
2026,6,XD_8173_WA_Wenatchee.WPXC,5600.98,12.85,17.3,20.05,38.36,1.5,109,436
2026,6,XD_8163_OH_Columbus.KBDL,53709.65,18.16,16.97,29.86,109.27,1.5,427,2958
2026,6,XD_8131_SD_Scottsbluff.CAPL,6446.18,13.21,16.53,25.53,26.11,1.5,44,488
2026,6,XD_8144_WI_Greenville.YZER,16002.23,12.88,16.29,21.68,42.7,1.5,308,1242
2026,6,XD_8148_NC_Lumberton.YZER,28522.37,14.2,16.22,22.79,40.63,1.5,412,2008
2026,6,XD_8145_ND_Bismarck.CAPL,38171.39,51.72,16.12,29.33,434.46,1.5,176,738
2026,6,XD_8144_WI_Appleton.MEDD,10058.72,15.1,16.08,17.63,44.29,1.5,161,666
2026,6,"8160.YZER",7560.76,12.92,16.0,16.91,25.37,1.5,65,585
2026,6,XD_8165_KS_Hays.CAPL,5431.06,24.91,15.63,52.08,67.44,1.5,76,218
2026,6,XD_8183_MO_Springfield.CAPL,29115.86,14.03,15.36,27.39,49.11,1.5,352,2075
2026,6,XD_8165_TX_Lubbock.HDSD,32208.18,20.46,15.35,29.07,173.91,1.5,308,1574
2026,6,XD_8115_LA_Shreveport.YZER,23364.26,13.01,15.31,21.35,93.94,1.5,209,1796
2026,6,XD_8165_TX_Abilene.HDSD,29407.33,19.1,15.27,21.29,234.29,1.5,248,1540
2026,6,XD_8163_KY_Lexington.KBDL,36385.97,14.53,15.16,24.81,61.03,1.5,370,2504
2026,6,XD_8148_TN_Knoxville.YZER,31952.07,15.56,15.15,22.34,51.16,1.5,285,2053
2026,6,"8160.AXLG",652.05,14.82,14.82,14.82,14.82,1.5,22,44
2026,6,"8120.YZER",16404.63,14.45,14.75,23.68,61.17,1.5,203,1135
2026,6,"8149.YZER",135141.74,55.41,14.74,19.1,474.16,1.5,248,2439
2026,6,XD_8180_MT_Missoula.RIDS,11649.87,14.19,14.73,31.96,52.67,1.5,171,821
2026,6,XD_8145_NE_GrandIsland.CAPL,15033.87,17.18,14.73,24.87,175.79,1.5,176,875
2026,6,XD_8131_CO_Bayfield.ARHG,4137.98,14.32,14.45,14.45,17.08,1.5,22,289
2026,6,XD_8144_IL_Galesburg.YZER,4760.07,14.65,14.44,16.45,19.2,1.5,44,325
2026,6,XD_8115_TX_Tyler.YZER,28250.01,12.33,14.39,16.55,91.04,1.5,273,2292
2026,6,XD_8115_LA_Lafayette.HDSD,35662.23,14.35,14.08,20.63,52.3,1.5,423,2485
2026,6,XD_8110_ME_Bangor.PXCR,16739.15,16.46,14.02,29.57,72.14,1.5,211,1017
2026,6,XD_8120_PA_Aston.PXCR,15908.13,15.39,14.01,16.17,51.41,1.5,136,1034
2026,6,XD_8165_KS_Salina.CAPL,2164.61,8.84,13.98,17.18,17.18,1.5,66,245
2026,6,XD_8145_IA_Grimes.CAPL,23069.14,14.44,13.75,30.09,62.5,1.5,420,1598
2026,6,XD_8180_MT_Butte.RIDS,7329.9,12.9,13.66,20.71,27.08,1.5,110,568
2026,6,XD_8155_PA_Reading.PXCR,48780.39,13.7,13.61,24.49,128.88,1.5,713,3560
2026,6,XD_8183_MO_CapeGirardeau.KBDL,21891.8,15.42,13.57,20.37,254.9,1.5,330,1420
2026,6,XD_8148_GA_Macon.MDGA,19014.45,13.23,13.49,18.86,50.28,1.5,403,1437
2026,6,XD_8145_WI_Wausau.CAPL,15197.33,16.57,13.46,23.55,64.79,1.5,198,917
2026,6,XD_8148_SC_Columbia.YZER,34533.38,13.49,13.45,18.61,44.57,1.5,384,2560
2026,6,XD_8148_GA_Savannah.MDGA,25021.46,16.7,13.3,25.42,52.3,1.5,368,1498
2026,6,XD_8162_MI_GrandRapids.YZER,42271.49,12.51,13.04,17.43,31.09,1.5,308,3380
2026,6,XD_8182_NV_Reno.DSOA,14202.16,14.24,12.87,27.82,108.4,1.5,166,997
2026,6,XD_8173_WA_Spokane.WPXC,37200.75,15.64,12.85,28.75,70.57,1.5,514,2378
2026,6,XD_8170_AZ_Kingman.AVBV,6323.27,11.04,12.83,16.17,19.88,1.5,88,573
2026,6,XD_8163_PA_Pittsburgh.YZER,33220.68,15.5,12.78,16.47,85.1,1.5,277,2143
2026,6,XD_8160_NY_Middletown.AXLG,19393.31,12.39,12.78,16.81,39.88,1.5,344,1565
2026,6,XD_8115_TX_Carrollton.DSOA,25380.49,9.86,12.51,20.67,31.41,1.5,264,2573
2026,6,XD_8160_NY_Syracuse.YZER,75454.68,15.08,12.5,17.69,245.9,1.5,662,5003
2026,6,XD_8148_GA_ForestPark.MDGA,9762.11,10.08,12.43,18.49,29.41,1.5,148,968
2026,6,XD_8163_IN_Evansville.KBDL,14953.29,13.07,12.3,18.75,63.98,1.5,250,1144
2026,6,XD_8120_NC_Durham.YZER,21877.41,15.12,12.24,21.44,64.83,1.5,390,1447
2026,6,XD_8145_WI_EauClaire.CAPL,18018.91,13.36,12.24,17.69,23.25,1.5,198,1349
2026,6,XD_8155_MD_Annapolis.PXCR,13904.26,35.93,12.23,18.24,1856.88,1.5,63,387
2026,6,XD_8145_MN_Clearwater.CAPL,14929.9,11.69,12.21,17.47,33.84,1.5,217,1277
2026,6,XD_8131_WY_Cheyenne.ARHG,3596.72,9.39,12.13,36.04,64.99,1.5,90,383
2026,6,XD_8110_VT_EssexJunction.PXCR,41049.91,34.07,12.02,13.88,324.55,1.5,110,1205
2026,6,XD_8145_MN_Mankato.CAPL,10168.98,11.29,11.79,34.57,37.28,1.5,154,901
2026,6,XD_8145_IA_Davenport.CAPL,6944.01,10.92,11.66,19.82,28.82,1.5,179,636
2026,6,XD_8115_AR_Texarkana.YZER,1248.73,9.18,11.54,17.32,17.32,1.5,16,136
2026,6,XD_8126_AL_Montgomery.YZER,30221.28,12.68,11.35,16.16,42.38,1.5,294,2384
2026,6,XD_8149_TN_Memphis.YZER,56357.79,16.62,11.28,15.8,64.96,1.5,324,3390
2026,6,"8115.YZER",21550.35,9.48,11.22,17.67,27.12,1.5,198,2274
2026,6,XD_8163_OH_Cleveland.YZER,5636.11,19.11,11.04,20.37,51.58,1.49,84,295
2026,6,XD_8162_IN_SouthBend.YZER,46824.12,12.48,11.0,17.3,41.54,1.49,396,3752
2026,6,"8170.DSOA",2647.77,11.03,10.94,10.94,13.37,1.49,22,240
2026,6,XD_8180_ID_TwinFalls.RIDS,5437.78,9.0,10.79,15.71,36.66,1.48,88,604
2026,6,XD_8120_VA_Richmond.YZER,28335.37,13.0,10.78,22.52,55.77,1.48,370,2180
2026,6,XD_8180_UT_Midvale.IHEA,15407.37,18.72,10.55,24.09,129.46,1.47,250,823
2026,6,XD_8110_NH_Bedford.PXCR,23215.2,9.38,10.54,13.12,22.35,1.47,356,2476
2026,6,XD_8160_CT_RockyHill.YZER,159995.54,35.89,10.51,12.91,998.09,1.47,450,4458
2026,6,XD_8183_MO_Columbia.CAPL,17453.0,11.87,10.3,21.96,38.37,1.46,220,1470
2026,6,XD_8160_NY_Colonie.AXLG,79688.22,49.77,10.29,37.78,259.02,1.46,391,1601
2026,6,XD_8162_OH_Toledo.KBDL,23558.46,9.74,10.26,20.29,23.64,1.46,352,2419
2026,6,XD_8145_WI_LaCrosse.CAPL,7394.84,11.26,10.25,18.09,32.16,1.46,173,657
2026,6,XD_8145_ND_GrandForks.CAPL,8429.99,15.64,10.19,24.12,49.25,1.45,110,539
2026,6,XD_8195_FL_Pensacola.HDSD,9279.39,9.83,10.19,18.34,33.03,1.45,218,944
2026,6,XD_8165_AR_FortSmith.CAPL,20156.38,12.8,10.17,16.38,39.47,1.45,176,1575
2026,6,XD_8163_KY_Louisville.KBDL,36233.41,15.79,10.15,31.6,87.71,1.45,507,2295
2026,6,XD_8126_AL_Mobile.YZER,23721.23,10.8,10.09,18.83,29.34,1.45,244,2197
2026,6,"8126.YZER",92521.64,15.47,9.9,15.23,196.38,1.44,571,5979
2026,6,XD_8126_AL_Madison.YZER,26589.66,9.79,9.69,11.01,101.2,1.43,305,2717
2026,6,XD_8145_IA_SiouxCity.CAPL,5202.09,9.39,9.68,15.58,18.59,1.43,110,554
2026,6,XD_8120_NC_Greensboro.YZER,28771.29,9.54,9.53,13.76,38.85,1.43,557,3015
2026,6,XD_8126_MS_Tupelo.YZER,13507.24,15.14,9.46,13.71,150.0,1.42,110,892
2026,6,XD_8110_CT_Meriden.PXCR,987.04,7.65,9.24,9.24,12.41,1.41,55,129
2026,6,"8110.YZER",59236.65,9.5,9.21,12.91,26.54,1.41,702,6236
2026,6,XD_8162_PA_Pittsburgh.YZER,220243.74,62.46,9.19,18.95,1337.05,1.41,394,3526
2026,6,"8138.XPRS",60251.47,22.24,9.13,27.5,2528.14,1.41,357,2709
2026,6,XD_8147_CA_SantaBarbara.YZER,17530.97,9.33,9.07,14.83,29.1,1.4,242,1879
2026,6,XD_8170_AZ_Yuma.AVBV,1544.83,3.7,9.04,9.04,31.88,1.4,48,418
2026,6,"8160.LEXQ",833.01,9.26,9.0,9.0,11.77,1.4,26,90
2026,6,XD_8148_SC_Greenville.YZER,24674.97,9.4,8.95,17.83,41.1,1.4,363,2626
2026,6,XD_8180_ID_Pocatello.RIDS,6884.79,9.82,8.87,20.86,32.09,1.4,110,701
2026,6,XD_8182_CA_Petaluma.FCCD,13999.37,9.84,8.7,14.31,42.19,1.39,292,1422
2026,6,XD_8173_OR_Salem.DSOA,7598.25,10.69,8.62,17.72,20.57,1.38,110,711
2026,6,XD_8163_OH_Dayton.KBDL,15251.32,10.48,8.38,12.06,25.9,1.37,249,1455
2026,6,XD_8115_TX_CorpusChristi.HDSD,11473.52,9.49,8.38,20.52,24.74,1.37,154,1209
2026,6,XD_8182_CA_Fresno.YZER,37651.35,22.79,8.33,13.11,198.09,1.37,242,1652
2026,6,XD_8183_MO_STLROI.CAPL,7761.4,7.51,8.16,12.12,19.68,1.36,176,1033
2026,6,XD_8144_WI_Sheboygan.MEDD,1208.92,7.9,8.12,9.35,13.55,1.36,44,153
2026,6,XD_8110_ME_Westbrook.PXCR,10547.3,9.6,7.99,17.02,24.39,1.35,304,1099
2026,6,XD_8162_OH_Cleveland.YZER,67067.35,14.37,7.96,13.97,1657.98,1.35,616,4667
2026,6,"8155.YZER",190.57,7.94,7.94,7.94,7.94,1.35,4,24
2026,6,XD_8162_MI_Flint.YZER,29092.34,11.04,7.93,14.34,31.04,1.35,289,2635
2026,6,XD_8173_OR_Pendleton.DSOA,8282.74,9.3,7.92,9.89,44.91,1.35,137,891
2026,6,XD_8180_UT_SaltLakeCity.RIDS,55384.57,12.86,7.77,14.48,142.84,1.34,858,4306
2026,6,"8165.CAPL",57372.89,7.83,7.76,13.85,112.87,1.34,604,7330
2026,6,XD_8182_CA_Eureka.FCCD,2986.3,7.54,7.62,10.15,13.47,1.33,92,396
2026,6,XD_8195_FL_Ocala.HDSD,5323.86,6.83,7.43,8.19,10.24,1.32,88,780
2026,6,XD_8160_NY_Cheektowaga.YZER,66277.16,26.05,7.35,17.14,487.4,1.32,440,2544
2026,6,XD_8145_NE_Lincoln.CAPL,10950.46,8.06,7.1,11.8,25.59,1.31,220,1358
2026,6,XD_8115_TX_Harlingen.HDSD,15737.24,5.68,6.92,7.73,59.63,1.3,269,2772
2026,6,XD_8173_OR_Eugene.DSOA,10995.17,8.64,6.9,11.71,26.55,1.29,200,1273
2026,6,XD_8148_TN_Chattanooga.MDGA,10323.81,6.75,6.83,9.07,16.74,1.29,180,1529
2026,6,XD_8145_MN_Brainerd.CAPL,3523.81,6.33,6.81,7.94,8.44,1.29,66,557
2026,6,"8195.YZER",7156.45,6.01,6.81,7.69,15.25,1.29,113,1191
2026,6,XD_8126_LA_NewOrleans.HDSD,22869.13,7.96,6.72,12.51,25.26,1.28,577,2874
2026,6,XD_8115_LA_NewOrleans.HDSD,28194.46,21.81,6.71,11.9,802.74,1.28,320,1293
2026,6,XD_8148_NC_Charlotte.YZER,35718.34,8.63,6.68,13.74,39.44,1.28,699,4138
2026,6,XD_8149_TN_Nashville.YZER,1225.29,9.72,6.65,6.65,35.29,1.28,29,126
2026,6,"8163.KBDL",898.98,6.92,6.59,7.97,8.23,1.28,34,130
2026,6,XD_8195_FL_Jacksonville.YZER,15978.29,7.74,6.53,8.31,117.02,1.27,232,2065
2026,6,XD_8170_TX_ElPaso.DMYC,15458.83,8.67,6.41,23.4,40.36,1.27,337,1784
2026,6,XD_8165_OK_Tulsa.CAPL,25848.77,6.79,6.4,10.01,17.72,1.27,330,3806
2026,6,XD_8170_NM_Albuquerque.DMYC,39035.37,14.37,6.29,35.01,107.42,1.26,613,2717
2026,6,XD_8182_CA_Salida.YZER,17000.76,7.37,6.25,10.03,61.98,1.26,312,2307
2026,6,XD_8183_MO_Joplin.CAPL,1409.86,4.39,6.25,7.3,16.3,1.26,48,321
2026,6,XD_8112_WA_Arlington.YZER,37321.74,7.03,6.25,10.36,43.16,1.26,622,5307
2026,6,XD_8163_TN_Nashville.YZER,31043.16,7.34,6.14,10.91,36.29,1.25,445,4229
2026,6,XD_8115_TX_SanAntonioYZER.YZER,68244.8,9.86,6.13,16.64,44.04,1.25,598,6920
2026,6,XD_8170_AZ_PrescottValley.AVBV,2977.27,5.91,6.05,6.39,6.82,1.24,44,504
2026,6,XD_8163_IN_Indianapolis.KBDL,17490.56,8.92,6.02,15.32,22.34,1.24,264,1961
2026,6,"8148.YZER",46704.96,6.89,5.99,8.87,535.95,1.24,707,6778
2026,6,XD_8145_MO_KansasCity.CAPL,46029.15,8.98,5.92,15.59,42.06,1.24,950,5124
2026,6,XD_8195_FL_Tampa.YZER,46542.3,7.22,5.81,11.3,80.55,1.23,547,6448
2026,6,XD_8144_WI_MilwaukeeMed.MEDD,11455.27,6.2,5.81,8.32,72.67,1.23,348,1849
2026,6,XD_8173_WA_Yakima.WPXC,5999.92,7.21,5.72,11.62,23.77,1.22,132,832
2026,6,XD_8148_SC_Charleston.YZER,6674.95,4.64,5.48,7.75,16.58,1.21,184,1439
2026,6,XD_8163_OH_Cincinnati.KBDL,15649.7,7.34,5.45,7.98,26.62,1.21,336,2133
2026,6,XD_8155_NJ_Moorestown.YZER,53160.39,5.71,5.33,7.57,23.16,1.2,882,9304
2026,6,"8183.CAPL",63.06,5.26,5.26,5.26,5.26,1.19,4,12
2026,6,"8183.YZER",577.48,4.85,5.23,5.25,6.53,1.19,22,119
2026,6,XD_8144_IL_Naperville.YZER,67221.49,5.93,5.17,7.26,48.74,1.19,1083,11330
2026,6,XD_8182_CA_Sacramento.YZER,28245.82,5.73,5.12,8.62,40.22,1.18,584,4926
2026,6,XD_8120_VA_Norfolk.YZER,8773.37,5.77,5.07,13.83,32.63,1.18,270,1521
2026,6,XD_8195_FL_Orlando.YZER,48365.81,9.17,4.86,7.57,876.66,1.17,504,5276
2026,6,XD_8165_TX_Midland.HDSD,6640.64,8.51,4.83,30.96,45.48,1.16,140,780
2026,6,XD_8173_OR_Portland.DSOA,23331.65,5.88,4.81,7.88,31.15,1.16,468,3967
2026,6,XD_8165_KS_Wichita.CAPL,11226.41,8.54,4.67,13.25,43.1,1.15,278,1315
2026,6,XD_8180_UT_SaltLakeCityDSOA.DSOA,5541.54,3.53,4.66,6.71,18.83,1.15,356,1570
2026,6,XD_8183_MO_StLouis.YZER,84485.91,12.99,4.57,16.33,227.72,1.14,536,6505
2026,6,XD_8162_MI_Livonia.YZER,68927.44,5.38,4.54,6.52,35.42,1.14,1209,12814
2026,6,"8112.YZER",3036.48,4.99,4.53,7.29,9.28,1.14,79,609
2026,6,XD_8120_VA_Madisonheights.YZER,2242.03,5.63,4.45,8.52,13.08,1.13,88,398
2026,6,XD_8182_CA_UnionCity.YZER,42434.31,4.91,4.35,6.2,37.64,1.13,838,8647
2026,6,XD_8195_FL_WestPalmBeach.YZER,14174.6,5.04,4.34,5.81,20.99,1.13,192,2814
2026,6,XD_8147_CA_PalmSprings.YZER,7074.88,6.31,4.29,10.33,22.34,1.12,132,1121
2026,6,XD_8115_TX_Austin.YZER,34669.12,6.66,4.27,9.43,28.06,1.12,378,5203
2026,6,XD_8131_CO_DenverYzer.YZER,18163.74,10.61,4.23,21.23,66.12,1.12,88,1712
2026,6,XD_8115_LA_BatonRouge.HDSD,14044.37,7.06,4.18,11.04,36.8,1.11,295,1988
2026,6,XD_8120_MD_Hanover.YZER,51323.74,5.12,4.17,7.36,46.98,1.11,932,10017
2026,6,XD_8165_AR_Springdale.CAPL,8401.98,4.33,4.16,4.51,12.73,1.11,143,1942
2026,6,XD_8145_IA_CedarRapids.CAPL,5768.16,5.24,4.12,13.0,20.79,1.11,226,1100
2026,6,"8173.DSOA",2662.51,3.68,4.1,4.59,10.34,1.11,66,723
2026,6,XD_8144_WI_Milwaukee.YZER,18548.56,6.04,4.04,5.82,156.29,1.1,224,3070
2026,6,XD_8115_TX_Houston.YZER,72959.47,5.78,4.03,7.75,107.35,1.1,875,12630
2026,6,XD_8144_WI_Madison.YZER,20947.65,7.89,3.95,13.15,24.11,1.09,359,2654
2026,6,XD_8182_CA_Redding.FCCD,7863.88,14.38,3.94,30.68,40.68,1.09,124,547
2026,6,XD_8180_ID_Boise.RIDS,9025.29,5.57,3.88,6.41,18.75,1.09,220,1621
2026,6,XD_8195_FL_Gainesville.HDSD,4572.65,7.21,3.84,15.67,23.56,1.09,183,634
2026,6,"8147.YZER",74238.9,6.51,3.79,7.91,225.05,1.08,1361,11404
2026,6,XD_8147_CA_Ontario.YZER,28603.17,4.68,3.77,7.12,22.57,1.08,594,6114
2026,6,XD_8165_TX_Carrollton.DSOA,77378.65,5.49,3.57,5.83,245.9,1.06,1142,14089
2026,6,XD_8173_OR_CentralPoint.DSOA,14287.3,15.33,3.55,12.42,623.04,1.06,209,932
2026,6,"8131.YZER",30349.93,5.67,3.42,6.64,83.4,1.05,294,5355
2026,6,XD_8195_FL_Miami.YZER,38426.84,8.23,3.33,5.82,663.21,1.04,367,4667
2026,6,XD_8112_WA_Auburn.YZER,58166.73,4.54,3.3,5.25,477.97,1.04,1164,12801
2026,6,XD_8145_MN_StPaul.CAPL,32947.15,4.01,3.21,5.79,231.3,1.03,1124,8207
2026,6,XD_8145_NE_Omaha.CAPL,17554.98,7.13,3.08,13.62,36.54,1.02,396,2461
2026,6,XD_8170_NV_LasVegas.YZER,13369.66,4.42,3.03,3.49,153.02,1.01,250,3027
2026,6,XD_8160_NY_Farmingdale.YZER,37207.45,3.52,2.97,4.64,25.43,1.01,704,10563
2026,6,XD_8147_CA_SanDiego.YZER,35853.0,6.9,2.97,4.28,350.24,1.01,469,5195
2026,6,"8170.AVBV",16407.18,3.32,2.92,5.96,22.83,1.0,452,4938
2026,6,XD_8155_NJ_Carlstadt.YZER,47923.99,2.98,2.87,4.37,22.16,0.99,1277,16102
2026,6,XD_8170_AZ_Tucson.DSOA,18057.24,5.76,2.75,8.03,39.38,0.98,289,3136
2026,6,XD_8147_CA_LosAngeles.YZER,119412.58,8.53,2.69,3.56,494.04,0.98,1296,14006
2026,6,XD_8183_KS_LeavenworthCMOP.ACKG,434.66,2.25,2.59,6.9,10.35,0.96,42,193
2026,6,XD_8173_OR_Bend.DSOA,6158.75,7.86,2.53,15.18,58.2,0.96,140,784
2026,6,XD_8147_CA_Bakersfield.YZER,2851.44,2.87,2.43,4.06,4.09,0.95,110,992
2026,6,XD_8170_AZ_Chandler.AVBV,16997.78,3.31,2.36,3.18,46.93,0.94,352,5141
2026,6,XD_8131_SD_RapidCity.CAPL,4442.84,10.4,2.16,13.65,34.86,0.91,87,427
2026,6,XD_8130_AK_Anchorage.WPXC,6398.45,6.01,2.09,3.1,23.84,0.9,197,1065
2026,6,XD_8160_NJ_Carlstadt.YZER,5459.81,1.9,2.04,2.6,21.05,0.9,239,2873
2026,6,XD_8165_KS_Emporia.CAPL,1353.16,13.81,1.52,39.16,39.16,0.82,38,98
2026,6,XD_8160_MA_ChelmsfordCMOP.YZER,1.77,0.01,0.01,0.01,0.01,0.18,22,151
2026,6,XD_8115_TX_SanAntonioHEB.YZER,0.1,0.0,0.0,0.0,0.0,0.0,22,1023
2026,7,"8130.LYAF",187922.94,257.78,131.84,293.99,850.14,1.5,168,729
2026,7,XD_8165_TX_Dallas.HDSD,343.77,57.3,57.3,57.3,57.3,1.5,3,6
2026,7,"8155.PXCR",2214.15,50.32,50.32,50.32,50.32,1.5,22,44
2026,7,XD_8131_MT_Billings.ARHG,44127.52,40.67,35.67,84.97,433.09,1.5,238,1085
2026,7,XD_8131_CO_ColoradoSprings.ARHG,5632.1,35.42,35.65,35.65,35.65,1.5,23,159
2026,7,XD_8170_AZ_WhiteMountain.DSOA,19222.58,31.36,35.39,40.45,77.1,1.5,114,613
2026,7,XD_8162_MI_Grayling.YZER,32372.18,31.49,34.82,36.51,54.36,1.5,230,1028
2026,7,XD_8145_IA_ClearLake.CAPL,16421.1,29.17,34.79,40.27,57.45,1.5,225,563
2026,7,XD_8145_SD_Pierre.CAPL,16796.57,33.53,33.41,35.64,84.68,1.5,108,501
2026,7,XD_8131_WY_Casper.ARHG,35810.5,31.47,32.48,46.41,69.5,1.5,204,1138
2026,7,XD_8145_SD_SiouxFalls.CAPL,24561.12,32.66,32.19,54.21,81.16,1.5,291,752
2026,7,XD_8131_CO_Denver.ARHG,15978.97,28.53,32.08,54.54,69.88,1.5,138,560
2026,7,"8130.WPXC",5169.64,48.31,30.77,37.03,141.29,1.5,53,107
2026,7,XD_8149_AR_LittleRock.YZER,120299.9,29.7,29.89,49.89,110.2,1.5,503,4051
2026,7,XD_8165_KS_DodgeCity.CAPL,11102.65,21.81,29.46,34.59,58.36,1.5,130,509
2026,7,"8182.YZER",6995.15,27.01,29.38,33.16,47.06,1.5,93,259
2026,7,XD_8170_AZ_Flagstaff.AVBV,67505.17,92.73,28.56,91.17,366.66,1.5,91,728
2026,7,XD_8113_NY_Syracuse.YZER,4247.79,29.3,27.78,41.97,70.45,1.5,46,145
2026,7,XD_8144_MI_CrystalFalls.YZER,33075.27,66.55,27.08,48.39,216.36,1.5,139,497
2026,7,XD_8145_ND_Minot.CAPL,11774.88,23.88,25.52,32.0,56.02,1.5,126,493
2026,7,XD_8163_WV_Nitro.KBDL,81329.46,43.05,24.95,39.44,257.24,1.5,337,1889
2026,7,XD_8131_CO_Pueblo.YZER,29354.7,29.27,24.92,39.01,92.36,1.5,92,1003
2026,7,XD_8165_TX_Amarillo.HDSD,24802.68,16.4,24.91,28.96,52.42,1.5,241,1512
2026,7,XD_8180_MT_GreatFalls.RIDS,12613.0,16.98,24.85,35.85,71.13,1.5,115,743
2026,7,XD_8120_VA_Roanoke.YZER,27362.12,21.46,24.6,33.74,43.82,1.5,230,1275
2026,7,XD_8165_KS_Hays.CAPL,8043.68,29.04,24.38,52.08,67.44,1.5,96,277
2026,7,XD_8110_MA_Franklin.PXCR,1504.26,25.07,24.23,35.97,51.8,1.5,21,60
2026,7,XD_8120_MD_Savage.PXCR,41495.75,21.67,22.83,33.69,51.53,1.5,430,1915
2026,7,XD_8145_KS_Topeka.CAPL,8105.19,14.27,22.19,28.26,46.27,1.5,115,568
2026,7,XD_8163_KY_Paducah.KBDL,23708.01,19.67,21.7,25.38,49.05,1.5,295,1205
2026,7,XD_8131_NE_Nebraska.CAPL,6308.38,18.55,21.56,24.4,31.6,1.5,69,340
2026,7,XD_8131_CO_GrandJunction.ARHG,17102.82,20.78,21.49,39.25,933.82,1.5,207,823
2026,7,XD_8195_FL_Tallahassee.HDSD,16284.27,15.33,21.23,28.04,87.62,1.5,248,1062
2026,7,XD_8120_NC_Kinston.YZER,9824.08,16.59,21.03,23.66,24.56,1.5,138,592
2026,7,XD_8165_TX_WichitaFalls.CAPL,28257.35,43.95,20.99,58.57,76.51,1.5,69,643
2026,7,XD_8126_MS_Jackson.HDSD,65201.33,17.01,20.81,26.94,46.99,1.5,766,3833
2026,7,XD_8180_UT_CedarCity.RIDS,13346.57,19.92,20.29,55.46,83.19,1.5,158,670
2026,7,"8144.YZER",34132.72,98.65,19.37,186.22,372.45,1.5,139,346
2026,7,XD_8144_IL_Galesburg.YZER,4945.09,18.8,19.13,20.06,24.87,1.5,46,263
2026,7,XD_8120_NC_RockyMount.YZER,3490.88,21.96,18.96,34.98,34.98,1.5,69,159
2026,7,XD_8163_OH_Cadiz.KBDL,115120.2,68.4,18.91,23.7,1066.27,1.5,233,1683
2026,7,"8180.IHEA",4917.32,20.75,18.82,21.94,77.5,1.5,94,237
2026,7,XD_8148_GA_Albany.MDGA,34999.18,19.28,18.78,26.45,67.81,1.5,420,1815
2026,7,XD_8145_ND_Fargo.CAPL,55087.59,27.42,18.74,33.28,247.87,1.5,322,2009
2026,7,XD_8145_MN_Duluth.CAPL,40029.22,37.62,18.72,21.63,285.12,1.5,205,1064
2026,7,XD_8180_MT_Missoula.RIDS,11800.2,14.66,18.35,31.96,52.67,1.5,177,805
2026,7,XD_8145_NE_Norfolk.CAPL,34079.74,78.89,18.24,20.67,1416.43,1.5,114,432
2026,7,XD_8145_IA_FortDodge.CAPL,7034.54,14.07,18.07,18.2,32.5,1.5,119,500
2026,7,XD_8144_IL_Bloomington.YZER,54766.38,33.07,17.98,24.88,255.19,1.5,207,1656
2026,7,XD_8165_KS_Parsons.CAPL,4254.47,15.99,17.6,23.72,26.33,1.5,92,266
2026,7,XD_8173_WA_Wenatchee.WPXC,5812.18,13.0,17.3,20.05,38.36,1.5,114,447
2026,7,XD_8163_OH_Columbus.KBDL,55797.23,18.22,16.97,29.86,109.32,1.5,434,3063
2026,7,XD_8163_KY_Lexington.KBDL,37649.71,14.66,16.73,24.81,44.34,1.5,384,2568
2026,7,"8160.YZER",7850.91,13.42,16.63,16.91,48.24,1.5,68,585
2026,7,XD_8110_ME_Bangor.PXCR,17970.06,17.0,16.56,29.57,72.14,1.5,227,1057
2026,7,XD_8144_WI_Appleton.MEDD,11635.91,16.12,16.26,22.71,44.29,1.5,180,722
2026,7,XD_8120_PA_Aston.PXCR,16832.48,16.19,16.17,19.26,51.41,1.5,148,1040
2026,7,XD_8145_ND_Bismarck.CAPL,43428.75,57.07,16.12,29.33,434.46,1.5,181,761
2026,7,XD_8144_WI_Greenville.YZER,16651.23,12.87,15.61,21.68,59.52,1.5,320,1294
2026,7,XD_8183_MO_Springfield.CAPL,33599.41,15.53,15.36,27.39,352.37,1.5,368,2163
2026,7,XD_8165_TX_Lubbock.HDSD,40774.96,24.83,15.35,34.07,173.91,1.5,322,1642
2026,7,XD_8115_LA_Shreveport.YZER,25585.5,12.91,15.28,18.78,93.94,1.5,232,1982
2026,7,XD_8148_TN_Knoxville.YZER,33163.59,15.91,15.15,22.34,62.09,1.5,297,2084
2026,7,XD_8165_TX_Abilene.HDSD,30425.83,18.93,15.11,21.29,234.29,1.5,257,1607
2026,7,"8149.YZER",137815.68,55.64,14.97,18.33,572.02,1.5,256,2477
2026,7,XD_8131_SD_Scottsbluff.CAPL,6799.4,12.69,14.94,24.33,25.53,1.5,46,536
2026,7,"8160.AXLG",681.69,13.63,14.82,14.82,14.82,1.5,23,50
2026,7,XD_8145_NE_GrandIsland.CAPL,17897.48,19.06,14.73,24.87,175.79,1.5,184,939
2026,7,XD_8131_CO_Bayfield.ARHG,4320.01,14.21,14.45,14.45,17.08,1.5,23,304
2026,7,XD_8145_IA_Davenport.CAPL,7221.07,10.62,14.33,19.82,28.82,1.5,185,680
2026,7,XD_8148_NC_Lumberton.YZER,30719.49,14.07,14.27,22.79,52.31,1.5,442,2184
2026,7,XD_8155_PA_Reading.PXCR,50732.93,13.99,14.18,24.49,128.88,1.5,741,3627
2026,7,XD_8115_LA_Lafayette.HDSD,38917.18,14.91,14.08,22.63,52.3,1.5,457,2610
2026,7,XD_8165_KS_Salina.CAPL,2266.75,8.96,13.98,17.18,56.21,1.5,67,253
2026,7,XD_8115_TX_Tyler.YZER,28340.84,11.92,13.94,16.55,26.36,1.5,283,2378
2026,7,XD_8145_IA_Grimes.CAPL,23548.58,14.62,13.75,30.09,62.5,1.5,432,1611
2026,7,XD_8180_MT_Butte.RIDS,7652.92,12.78,13.66,20.71,27.08,1.5,115,599
2026,7,XD_8120_NC_Durham.YZER,23305.03,14.96,13.61,23.77,64.83,1.5,418,1558
2026,7,XD_8183_MO_CapeGirardeau.KBDL,24525.0,16.72,13.57,20.37,254.9,1.5,344,1467
2026,7,"8120.YZER",18463.23,14.16,13.56,24.08,99.99,1.5,228,1304
2026,7,XD_8148_GA_Macon.MDGA,19439.51,13.13,13.49,18.86,50.28,1.5,421,1481
2026,7,XD_8145_WI_Wausau.CAPL,15772.07,16.76,13.46,23.55,64.79,1.5,206,941
2026,7,XD_8148_GA_Savannah.MDGA,25988.43,16.63,13.3,30.85,52.3,1.5,380,1563
2026,7,XD_8170_AZ_Kingman.AVBV,6613.26,11.15,12.83,16.13,19.88,1.5,92,593
2026,7,XD_8162_MI_GrandRapids.YZER,44250.24,12.49,12.81,17.43,31.08,1.5,322,3543
2026,7,XD_8148_SC_Columbia.YZER,35551.47,13.38,12.77,18.61,38.03,1.5,400,2657
2026,7,XD_8160_NY_Syracuse.YZER,84836.14,15.95,12.58,18.8,245.52,1.5,710,5320
2026,7,XD_8163_PA_Pittsburgh.YZER,34938.47,15.77,12.57,16.76,85.1,1.5,286,2216
2026,7,XD_8148_GA_ForestPark.MDGA,10116.71,10.03,12.43,18.49,28.22,1.5,154,1009
2026,7,XD_8173_WA_Spokane.WPXC,38543.89,15.6,12.39,28.75,71.17,1.5,555,2470
2026,7,XD_8163_IN_Evansville.KBDL,15006.64,12.8,12.3,18.75,63.98,1.5,257,1172
2026,7,XD_8145_WI_EauClaire.CAPL,18835.75,13.56,12.24,17.69,32.75,1.5,207,1389
2026,7,XD_8160_NY_Middletown.AXLG,19489.47,12.34,12.23,15.78,39.88,1.5,351,1579
2026,7,XD_8145_MN_Clearwater.CAPL,14242.94,11.14,12.21,13.35,32.96,1.5,206,1278
2026,7,XD_8131_WY_Cheyenne.ARHG,3538.88,9.0,12.13,36.04,64.99,1.5,93,393
2026,7,XD_8149_TN_Memphis.YZER,61080.04,17.65,12.04,15.8,161.75,1.49,340,3460
2026,7,XD_8110_VT_EssexJunction.PXCR,38539.26,30.81,12.02,13.88,324.55,1.49,115,1251
2026,7,XD_8145_MN_Mankato.CAPL,10640.52,11.17,11.79,26.3,37.46,1.48,161,953
2026,7,XD_8162_OH_Toledo.KBDL,26219.5,10.48,11.71,20.85,27.68,1.48,368,2503
2026,7,XD_8126_AL_Montgomery.YZER,31461.75,12.8,11.35,18.84,42.38,1.47,306,2458
2026,7,XD_8110_NH_Bedford.PXCR,25447.24,10.0,11.32,15.37,33.21,1.47,351,2544
2026,7,"8115.YZER",22474.85,9.51,11.28,17.67,27.1,1.46,206,2364
2026,7,XD_8120_VA_Richmond.YZER,28279.66,13.35,11.16,23.13,54.98,1.46,365,2118
2026,7,XD_8163_OH_Cleveland.YZER,5883.51,19.61,11.04,20.37,51.58,1.46,85,300
2026,7,XD_8162_IN_SouthBend.YZER,49063.96,12.52,11.0,17.66,41.54,1.45,414,3920
2026,7,"8170.DSOA",2527.42,11.28,10.94,12.04,13.37,1.45,21,224
2026,7,XD_8155_MD_Annapolis.PXCR,2557.77,6.86,10.74,14.43,23.73,1.44,58,373
2026,7,XD_8160_CT_RockyHill.YZER,162355.35,35.68,10.51,14.6,1660.12,1.43,469,4550
2026,7,XD_8115_TX_Carrollton.DSOA,26563.54,9.84,10.39,22.73,31.41,1.43,276,2699
2026,7,XD_8183_MO_Columbia.CAPL,17594.12,11.49,10.29,19.25,47.86,1.43,224,1531
2026,7,XD_8145_WI_LaCrosse.CAPL,7650.39,11.54,10.25,19.01,32.16,1.42,176,663
2026,7,XD_8195_FL_Pensacola.HDSD,9583.58,9.82,10.19,18.34,33.03,1.42,224,976
2026,7,XD_8145_ND_GrandForks.CAPL,14093.85,25.39,10.19,30.09,667.85,1.42,115,555
2026,7,XD_8165_AR_FortSmith.CAPL,20868.85,12.63,10.17,16.38,51.6,1.42,183,1652
2026,7,XD_8126_AL_Mobile.YZER,24662.13,10.76,10.09,18.83,27.53,1.42,254,2292
2026,7,"8138.XPRS",61948.11,21.89,9.76,27.5,1903.77,1.4,364,2830
2026,7,"8155.YZER",170.3,10.64,9.69,12.45,20.21,1.4,4,16
2026,7,XD_8126_AL_Madison.YZER,27931.32,9.83,9.69,11.01,95.12,1.4,316,2840
2026,7,XD_8145_IA_SiouxCity.CAPL,5394.98,9.46,9.68,15.58,18.59,1.4,114,570
2026,7,XD_8182_NV_Reno.DSOA,14020.47,13.71,9.65,27.82,108.4,1.4,170,1023
2026,7,XD_8163_KY_Louisville.KBDL,37672.79,15.8,9.64,31.6,87.71,1.4,531,2385
2026,7,"8126.YZER",98321.51,15.76,9.52,14.95,196.38,1.39,604,6239
2026,7,XD_8126_MS_Tupelo.YZER,13725.41,15.37,9.46,14.69,169.24,1.39,115,893
2026,7,XD_8120_NC_Greensboro.YZER,30227.32,9.58,9.42,13.18,38.85,1.39,581,3154
2026,7,XD_8160_NY_Colonie.AXLG,84226.9,48.66,9.28,31.25,296.02,1.38,428,1731
2026,7,XD_8110_CT_Meriden.PXCR,926.48,7.3,9.24,9.24,9.25,1.38,54,127
2026,7,"8110.YZER",60884.01,9.46,9.21,12.81,41.02,1.38,732,6439
2026,7,XD_8162_PA_Pittsburgh.YZER,230850.63,62.7,9.17,18.95,1337.05,1.38,413,3682
2026,7,XD_8183_MO_STLROI.CAPL,8100.35,7.73,9.09,12.12,19.68,1.37,183,1048
2026,7,XD_8147_CA_SantaBarbara.YZER,18296.79,9.47,9.07,14.83,38.76,1.37,253,1932
2026,7,XD_8148_SC_Greenville.YZER,25653.03,9.48,9.05,17.83,52.45,1.37,380,2705
2026,7,XD_8170_AZ_Yuma.AVBV,1840.7,4.17,9.04,9.04,31.88,1.37,53,441
2026,7,"8160.LEXQ",880.11,9.36,9.0,11.72,11.77,1.37,28,94
2026,7,XD_8180_ID_Pocatello.RIDS,6934.06,9.62,8.87,20.86,32.09,1.36,115,721
2026,7,XD_8180_ID_TwinFalls.RIDS,5741.85,8.83,8.78,14.95,36.66,1.36,92,650
2026,7,XD_8182_CA_Petaluma.FCCD,14931.01,9.79,8.7,14.27,42.19,1.36,309,1525
2026,7,XD_8115_TX_CorpusChristi.HDSD,11803.06,9.38,8.38,16.63,24.74,1.34,161,1258
2026,7,XD_8163_OH_Dayton.KBDL,15797.81,10.64,8.38,13.94,25.9,1.34,260,1485
2026,7,XD_8182_CA_Fresno.YZER,42557.64,24.76,8.33,13.11,198.09,1.34,253,1719
2026,7,XD_8180_UT_Midvale.IHEA,15433.76,17.62,8.15,19.59,130.16,1.33,272,876
2026,7,XD_8173_OR_Salem.DSOA,7930.11,10.73,8.06,17.72,24.44,1.32,115,739
2026,7,XD_8110_ME_Westbrook.PXCR,11257.47,9.68,7.99,15.67,24.39,1.32,320,1163
2026,7,"8163.KBDL",1012.62,7.13,7.97,7.97,8.23,1.32,39,142
2026,7,XD_8162_OH_Cleveland.YZER,46328.58,9.69,7.96,14.0,31.9,1.32,644,4781
2026,7,XD_8173_OR_Pendleton.DSOA,23851.49,25.7,7.92,9.89,1691.78,1.32,144,928
2026,7,XD_8195_FL_Ocala.HDSD,5695.96,6.62,7.91,8.43,11.03,1.32,92,860
2026,7,XD_8162_MI_Flint.YZER,30125.99,11.09,7.79,14.83,38.02,1.31,306,2717
2026,7,XD_8180_UT_SaltLakeCity.RIDS,56339.11,12.67,7.77,14.47,135.39,1.31,889,4447
2026,7,"8165.CAPL",59583.16,7.85,7.76,13.84,112.87,1.31,626,7595
2026,7,XD_8182_CA_Eureka.FCCD,3114.13,7.86,7.62,10.15,16.82,1.3,96,396
2026,7,XD_8160_NY_Cheektowaga.YZER,67556.1,24.91,7.35,17.17,486.13,1.29,460,2712
2026,7,XD_8145_NE_Lincoln.CAPL,11453.97,8.15,7.35,11.8,25.59,1.29,230,1406
2026,7,XD_8165_OK_Tulsa.CAPL,27353.33,6.91,7.21,11.53,22.95,1.28,365,3957
2026,7,XD_8115_TX_Harlingen.HDSD,16207.39,5.69,6.92,7.55,17.08,1.27,284,2848
2026,7,XD_8173_OR_Eugene.DSOA,11562.52,8.51,6.9,11.71,26.55,1.26,210,1359
2026,7,XD_8148_TN_Chattanooga.MDGA,10714.88,6.8,6.83,9.07,16.74,1.26,188,1576
2026,7,XD_8145_MN_Brainerd.CAPL,3481.14,6.19,6.81,7.48,8.44,1.26,69,562
2026,7,XD_8126_LA_NewOrleans.HDSD,23796.07,8.05,6.72,12.51,25.26,1.25,601,2956
2026,7,XD_8148_NC_Charlotte.YZER,37105.53,8.67,6.68,13.92,48.68,1.25,728,4280
2026,7,XD_8149_TN_Nashville.YZER,1329.11,9.99,6.65,15.09,35.29,1.25,31,133
2026,7,XD_8115_LA_NewOrleans.HDSD,21888.78,16.57,6.53,11.89,286.46,1.24,324,1321
2026,7,"8183.YZER",600.38,6.19,6.52,6.53,6.53,1.24,23,97
2026,7,"8195.YZER",7437.75,6.04,6.46,9.79,19.84,1.24,116,1231
2026,7,XD_8195_FL_Jacksonville.YZER,17025.54,8.08,6.46,8.15,87.87,1.24,242,2108
2026,7,XD_8170_NM_Albuquerque.DMYC,41085.76,14.26,6.29,35.01,90.0,1.23,638,2882
2026,7,XD_8170_TX_ElPaso.DMYC,16036.56,8.67,6.28,16.81,40.49,1.23,351,1849
2026,7,XD_8183_MO_Joplin.CAPL,1502.59,4.39,6.25,7.3,16.3,1.23,51,342
2026,7,XD_8163_TN_Nashville.YZER,32457.45,7.3,6.25,11.07,44.45,1.23,466,4446
2026,7,XD_8112_WA_Arlington.YZER,39203.39,7.0,6.15,9.78,35.06,1.22,650,5599
2026,7,XD_8144_WI_MilwaukeeMed.MEDD,13156.28,6.76,6.13,9.5,72.67,1.22,378,1945
2026,7,XD_8195_FL_Tampa.YZER,48370.43,7.35,6.12,11.3,80.55,1.22,569,6584
2026,7,XD_8182_CA_Salida.YZER,17446.45,7.27,6.08,10.03,61.98,1.22,321,2399
2026,7,"8148.YZER",47597.15,6.7,6.06,8.87,36.5,1.22,741,7101
2026,7,XD_8173_WA_Yakima.WPXC,6105.24,7.22,6.05,11.62,23.77,1.22,138,846
2026,7,XD_8163_IN_Indianapolis.KBDL,18331.18,9.09,6.02,15.51,24.53,1.21,275,2017
2026,7,XD_8115_TX_SanAntonioYZER.YZER,71136.97,9.89,5.98,16.64,48.59,1.21,624,7196
2026,7,XD_8170_AZ_PrescottValley.AVBV,3096.8,5.91,5.95,6.39,7.53,1.21,46,524
2026,7,XD_8145_MO_KansasCity.CAPL,47976.75,8.94,5.92,15.59,55.94,1.21,991,5365
2026,7,XD_8148_SC_Charleston.YZER,7109.16,4.58,5.48,7.75,16.58,1.18,192,1552
2026,7,XD_8163_OH_Cincinnati.KBDL,16348.83,7.38,5.45,7.98,26.62,1.18,350,2216
2026,7,XD_8155_NJ_Moorestown.YZER,55318.24,5.74,5.39,7.52,23.16,1.17,918,9637
2026,7,"8183.CAPL",78.83,5.26,5.26,5.26,5.26,1.17,5,15
2026,7,XD_8144_IL_Naperville.YZER,70026.67,5.94,5.21,7.26,48.74,1.16,1129,11793
2026,7,XD_8120_VA_Madisonheights.YZER,2309.43,5.61,5.08,10.04,16.19,1.15,91,412
2026,7,XD_8120_VA_Norfolk.YZER,9263.34,5.8,5.07,13.83,32.63,1.15,283,1596
2026,7,XD_8165_TX_Midland.HDSD,8188.58,9.83,4.83,27.97,103.4,1.14,148,833
2026,7,XD_8195_FL_Orlando.YZER,37750.76,7.0,4.82,7.57,366.95,1.14,526,5391
2026,7,XD_8173_OR_Portland.DSOA,23641.3,5.69,4.79,8.24,46.65,1.13,487,4153
2026,7,XD_8147_CA_PalmSprings.YZER,7423.98,6.4,4.67,9.96,26.81,1.12,138,1160
2026,7,XD_8165_KS_Wichita.CAPL,11405.17,8.54,4.67,13.25,43.1,1.12,288,1336
2026,7,XD_8183_MO_StLouis.YZER,87393.51,13.03,4.57,17.77,285.0,1.12,558,6705
2026,7,XD_8162_MI_Livonia.YZER,67922.37,5.08,4.54,6.42,37.83,1.11,1267,13376
2026,7,"8112.YZER",3217.85,5.13,4.54,7.38,11.25,1.11,82,627
2026,7,XD_8144_WI_Milwaukee.YZER,18984.99,6.01,4.49,5.82,156.29,1.11,234,3160
2026,7,XD_8182_CA_Sacramento.YZER,29278.05,5.64,4.47,9.19,40.22,1.11,611,5192
2026,7,XD_8180_UT_SaltLakeCityDSOA.DSOA,5508.07,3.51,4.41,6.71,18.83,1.11,366,1571
2026,7,XD_8182_CA_UnionCity.YZER,44186.64,4.89,4.4,6.5,37.64,1.1,868,9029
2026,7,XD_8195_FL_WestPalmBeach.YZER,14611.53,5.14,4.34,5.89,20.58,1.1,201,2844
2026,7,XD_8115_TX_Austin.YZER,37701.04,7.02,4.27,9.43,49.27,1.09,394,5373
2026,7,XD_8131_CO_DenverYzer.YZER,16542.02,9.44,4.26,21.23,65.57,1.09,92,1753
2026,7,XD_8115_LA_BatonRouge.HDSD,15156.84,7.45,4.21,11.56,78.37,1.09,303,2034
2026,7,XD_8120_MD_Hanover.YZER,53155.86,5.11,4.17,7.21,46.98,1.09,974,10399
2026,7,XD_8145_IA_CedarRapids.CAPL,6097.47,5.43,4.12,13.0,26.01,1.08,235,1122
2026,7,XD_8115_TX_Houston.YZER,70648.2,5.39,3.95,7.75,107.36,1.07,916,13118
2026,7,XD_8144_WI_Madison.YZER,34597.09,12.17,3.95,13.15,731.22,1.07,375,2842
2026,7,"8173.DSOA",2658.86,3.55,3.93,4.58,10.18,1.07,69,750
2026,7,XD_8180_ID_Boise.RIDS,9356.85,5.55,3.88,6.41,21.62,1.06,230,1686
2026,7,"8147.YZER",80723.15,6.9,3.81,7.91,225.05,1.06,1409,11695
2026,7,XD_8147_CA_Ontario.YZER,45675.96,7.15,3.77,7.24,1422.63,1.05,621,6386
2026,7,XD_8195_FL_Gainesville.HDSD,4398.76,6.92,3.75,12.25,23.56,1.05,178,636
2026,7,XD_8165_TX_Carrollton.DSOA,75913.51,5.15,3.69,5.83,45.91,1.05,1209,14743
2026,7,XD_8182_CA_Redding.FCCD,8060.42,14.45,3.65,30.68,40.68,1.04,127,558
2026,7,XD_8165_AR_Springdale.CAPL,8689.99,4.27,3.62,4.51,13.35,1.04,145,2034
2026,7,"8131.YZER",33043.58,5.93,3.5,6.33,79.13,1.03,302,5572
2026,7,XD_8173_OR_CentralPoint.DSOA,39391.96,40.32,3.42,14.82,1752.62,1.02,214,977
2026,7,XD_8195_FL_Miami.YZER,30566.6,6.36,3.38,6.48,403.97,1.02,381,4807
2026,7,XD_8112_WA_Auburn.YZER,60222.41,4.52,3.29,5.25,478.45,1.01,1216,13329
2026,7,XD_8145_MN_StPaul.CAPL,47498.05,5.51,3.21,5.79,435.9,1.0,1198,8627
2026,7,"8170.AVBV",19392.44,3.75,3.16,6.25,255.67,1.0,475,5173
2026,7,XD_8145_NE_Omaha.CAPL,17916.29,7.05,3.08,13.62,36.54,0.99,409,2543
2026,7,XD_8147_CA_SanDiego.YZER,36664.33,6.85,3.0,4.28,379.08,0.98,487,5349
2026,7,XD_8170_AZ_Tucson.DSOA,18487.05,5.74,2.97,8.03,33.8,0.98,300,3222
2026,7,XD_8160_NY_Farmingdale.YZER,38002.31,3.48,2.97,4.75,34.24,0.98,733,10929
2026,7,XD_8170_NV_LasVegas.YZER,13674.87,4.37,2.91,3.49,164.53,0.98,261,3127
2026,7,XD_8155_NJ_Carlstadt.YZER,48081.03,2.97,2.81,4.51,19.48,0.97,1326,16214
2026,7,XD_8147_CA_LosAngeles.YZER,124069.72,8.58,2.72,3.62,449.72,0.96,1351,14453
2026,7,XD_8173_OR_Bend.DSOA,6315.0,7.9,2.57,15.18,58.2,0.94,145,799
2026,7,XD_8147_CA_Bakersfield.YZER,2976.32,2.87,2.43,4.06,4.09,0.92,115,1037
2026,7,XD_8170_AZ_Chandler.AVBV,17577.36,3.27,2.39,3.18,52.63,0.92,368,5382
2026,7,XD_8131_SD_RapidCity.CAPL,4643.29,10.55,2.16,16.71,34.86,0.89,91,440
2026,7,XD_8130_AK_Anchorage.WPXC,6501.82,6.09,2.16,3.65,26.22,0.89,202,1067
2026,7,XD_8160_NJ_Carlstadt.YZER,5514.33,1.89,2.16,2.53,21.04,0.89,247,2918
2026,7,XD_8183_KS_LeavenworthCMOP.ACKG,455.36,3.23,2.07,10.35,10.35,0.88,44,141
2026,7,XD_8165_KS_Emporia.CAPL,1122.66,11.94,1.52,39.16,39.16,0.8,36,94
2026,7,XD_8160_MA_ChelmsfordCMOP.YZER,1.77,0.01,0.01,0.01,0.02,0.18,22,151
2026,7,XD_8115_TX_SanAntonioHEB.YZER,0.13,0.0,0.0,0.0,0.0,0.0,23,1110
2026,8,"8130.LYAF",125484.51,256.61,131.84,293.99,777.83,1.5,114,489
2026,8,XD_8165_TX_Dallas.HDSD,458.37,57.3,57.3,57.3,57.3,1.5,4,8
2026,8,"8110.AQUV",221.66,55.42,55.42,55.42,55.42,1.5,1,4
2026,8,"8155.PXCR",905.79,50.32,50.32,50.32,50.32,1.5,9,18
2026,8,XD_8170_AZ_Flagstaff.AVBV,48108.17,97.98,45.71,156.83,423.91,1.5,60,491
2026,8,XD_8131_MT_Billings.ARHG,24704.07,34.94,35.67,84.96,432.81,1.5,156,707
2026,8,XD_8131_CO_ColoradoSprings.ARHG,3527.64,34.93,35.65,35.65,35.65,1.5,15,101
2026,8,XD_8145_IA_ClearLake.CAPL,10964.5,29.24,35.03,40.27,45.96,1.5,150,375
2026,8,XD_8162_MI_Grayling.YZER,21091.89,31.62,34.82,36.02,61.73,1.5,150,667
2026,8,XD_8131_CO_Denver.ARHG,10308.24,27.94,34.55,57.87,69.88,1.5,90,369
2026,8,XD_8145_SD_Pierre.CAPL,11201.42,33.14,33.41,33.6,50.59,1.5,72,338
2026,8,XD_8131_WY_Casper.ARHG,23855.6,31.43,31.93,46.41,64.85,1.5,136,759
2026,8,XD_8170_AZ_WhiteMountain.DSOA,12793.26,30.61,31.02,40.45,77.1,1.5,75,418
2026,8,XD_8165_KS_DodgeCity.CAPL,5350.83,19.74,31.02,35.24,38.77,1.5,72,271
2026,8,"8130.WPXC",3076.76,48.84,30.77,37.03,141.29,1.5,31,63
2026,8,XD_8165_KS_Hays.CAPL,7432.1,28.59,30.29,52.08,67.44,1.5,88,260
2026,8,XD_8149_AR_LittleRock.YZER,91433.8,34.66,29.89,49.89,2143.73,1.5,333,2638
2026,8,"8182.YZER",4779.02,26.7,29.38,33.16,49.4,1.5,63,179
2026,8,XD_8145_ND_Minot.CAPL,8378.62,24.29,28.06,33.14,56.02,1.5,89,345
2026,8,XD_8145_SD_SiouxFalls.CAPL,17040.32,32.46,26.4,54.21,98.72,1.5,204,525
2026,8,XD_8144_MI_CrystalFalls.YZER,19232.38,57.75,25.06,48.39,216.36,1.5,93,333
2026,8,XD_8131_CO_Pueblo.YZER,22135.83,34.21,25.04,39.01,86.67,1.5,60,647
2026,8,XD_8163_WV_Nitro.KBDL,56699.42,44.93,25.02,39.44,257.24,1.5,230,1262
2026,8,XD_8165_TX_Amarillo.HDSD,16134.18,16.53,24.91,28.57,52.42,1.5,165,976
2026,8,XD_8180_MT_GreatFalls.RIDS,8367.59,16.94,24.85,35.85,51.54,1.5,75,494
2026,8,XD_8120_VA_Roanoke.YZER,17782.02,21.74,24.6,33.74,40.0,1.5,150,818
2026,8,XD_8195_FL_Tallahassee.HDSD,11369.73,16.22,24.33,29.26,87.62,1.5,169,701
2026,8,XD_8110_MA_Franklin.PXCR,1874.62,24.35,23.23,35.97,52.11,1.5,24,77
2026,8,XD_8120_MD_Savage.PXCR,27032.54,21.8,22.83,33.69,51.53,1.5,280,1240
2026,8,XD_8145_KS_Topeka.CAPL,5286.38,14.17,22.19,28.26,46.27,1.5,75,373
2026,8,XD_8163_KY_Paducah.KBDL,15633.21,19.54,21.7,25.38,49.05,1.5,195,800
2026,8,XD_8131_CO_GrandJunction.ARHG,9626.96,17.38,21.49,39.25,60.62,1.5,137,554
2026,8,XD_8145_MN_Duluth.CAPL,31278.32,44.24,21.17,25.84,249.92,1.5,135,707
2026,8,XD_8120_NC_Kinston.YZER,6407.34,16.6,21.03,23.66,24.56,1.5,90,386
2026,8,XD_8165_TX_WichitaFalls.CAPL,18428.35,43.67,20.99,58.65,66.36,1.5,45,422
2026,8,XD_8126_MS_Jackson.HDSD,42737.76,16.85,20.81,26.94,46.99,1.5,503,2536
2026,8,XD_8180_UT_CedarCity.RIDS,8926.4,19.79,20.29,55.46,83.19,1.5,105,451
2026,8,XD_8144_IL_Galesburg.YZER,3228.34,17.94,19.13,19.84,24.87,1.5,30,180
2026,8,XD_8120_NC_RockyMount.YZER,2274.85,22.09,18.96,34.98,34.98,1.5,45,103
2026,8,XD_8163_OH_Cadiz.KBDL,75282.22,67.46,18.91,21.48,1060.6,1.5,150,1116
2026,8,"8180.IHEA",3467.61,21.02,18.82,21.94,77.5,1.5,66,165
2026,8,XD_8148_GA_Albany.MDGA,23414.5,19.32,18.78,26.45,67.81,1.5,281,1212
2026,8,XD_8145_ND_Fargo.CAPL,40585.07,30.63,18.59,33.28,283.28,1.5,210,1325
2026,8,XD_8145_NE_Norfolk.CAPL,26989.86,93.07,18.24,20.67,1416.43,1.5,75,290
2026,8,XD_8145_IA_FortDodge.CAPL,4682.74,14.02,18.07,18.2,32.5,1.5,79,334
2026,8,XD_8144_IL_Bloomington.YZER,35830.15,33.15,17.98,23.88,301.84,1.5,135,1081
2026,8,XD_8165_KS_Parsons.CAPL,2784.92,16.01,17.6,23.72,26.33,1.5,60,174
2026,8,XD_8173_WA_Wenatchee.WPXC,3746.77,12.7,17.3,20.05,38.36,1.5,73,295
2026,8,XD_8163_OH_Columbus.KBDL,38800.46,18.95,16.97,29.86,92.85,1.5,297,2048
2026,8,"8144.YZER",23965.97,97.82,16.88,186.22,372.45,1.5,94,245
2026,8,"8160.YZER",5430.7,13.71,16.63,16.91,125.51,1.5,46,396
2026,8,XD_8110_ME_Bangor.PXCR,11684.93,17.08,16.57,29.57,49.6,1.5,150,684
2026,8,XD_8163_IN_Evansville.KBDL,10315.12,13.28,16.4,18.75,63.42,1.5,171,777
2026,8,XD_8165_TX_Lubbock.HDSD,27024.29,25.16,16.32,34.07,173.91,1.5,210,1074
2026,8,XD_8144_WI_Appleton.MEDD,8447.73,16.76,16.26,23.1,44.29,1.5,125,504
2026,8,XD_8120_PA_Aston.PXCR,10973.36,16.09,16.17,19.26,51.41,1.5,95,682
2026,8,XD_8145_ND_Bismarck.CAPL,27242.41,53.31,16.12,29.33,434.46,1.5,120,511
2026,8,XD_8165_TX_Abilene.HDSD,18148.9,17.11,16.04,21.29,213.45,1.5,169,1061
2026,8,"8120.YZER",10975.97,14.35,15.75,23.68,61.17,1.5,138,765
2026,8,XD_8144_WI_Greenville.YZER,10891.05,12.84,15.61,21.68,42.7,1.5,210,848
2026,8,XD_8183_MO_Springfield.CAPL,20032.4,14.05,15.36,27.39,49.11,1.5,240,1426
2026,8,XD_8115_LA_Shreveport.YZER,17921.97,13.54,15.28,21.26,93.94,1.5,154,1324
2026,8,XD_8163_KY_Lexington.KBDL,25365.56,14.58,15.15,24.81,61.03,1.5,259,1740
2026,8,XD_8148_TN_Knoxville.YZER,21558.32,16.03,15.15,22.34,40.93,1.5,195,1345
2026,8,XD_8131_SD_Scottsbluff.CAPL,4433.41,12.45,15.03,22.33,25.53,1.5,30,356
2026,8,"8149.YZER",81338.0,49.45,14.97,17.19,476.64,1.5,168,1645
2026,8,"8160.AXLG",444.58,13.89,14.82,14.82,14.82,1.5,15,32
2026,8,XD_8145_NE_GrandIsland.CAPL,14346.57,23.03,14.73,24.87,175.79,1.5,120,623
2026,8,XD_8131_CO_Bayfield.ARHG,2822.82,14.63,14.45,15.65,15.65,1.5,15,193
2026,8,XD_8148_SC_Columbia.YZER,22872.38,14.08,14.4,18.61,38.14,1.5,247,1624
2026,8,XD_8148_NC_Lumberton.YZER,20301.08,13.98,14.16,22.79,52.31,1.5,293,1452
2026,8,XD_8115_LA_Lafayette.HDSD,25541.65,14.82,14.08,22.12,46.94,1.5,298,1724
2026,8,XD_8165_KS_Salina.CAPL,1471.21,9.55,13.99,17.18,17.18,1.5,45,154
2026,8,XD_8131_NE_Nebraska.CAPL,3813.36,17.41,13.91,24.4,31.6,1.5,45,219
2026,8,XD_8155_PA_Reading.PXCR,32878.32,13.55,13.89,24.49,171.84,1.5,490,2426
2026,8,XD_8145_IA_Grimes.CAPL,15437.35,14.5,13.75,30.09,62.5,1.5,282,1065
2026,8,XD_8115_TX_Tyler.YZER,18792.34,12.0,13.69,16.55,26.36,1.5,188,1566
2026,8,XD_8180_MT_Missoula.RIDS,7792.44,14.43,13.67,31.96,52.67,1.5,116,540
2026,8,XD_8180_MT_Butte.RIDS,4833.34,12.21,13.66,17.87,27.08,1.5,74,396
2026,8,XD_8120_NC_Durham.YZER,15486.47,15.02,13.61,23.88,64.83,1.5,270,1031
2026,8,XD_8183_MO_CapeGirardeau.KBDL,15791.06,16.2,13.57,20.37,254.9,1.5,225,975
2026,8,XD_8145_WI_Wausau.CAPL,10431.93,16.74,13.46,23.55,64.79,1.5,135,623
2026,8,XD_8148_GA_Savannah.MDGA,17224.17,16.61,13.3,30.5,52.3,1.5,255,1037
2026,8,XD_8162_MI_GrandRapids.YZER,28969.31,12.45,13.2,17.43,23.76,1.5,210,2326
2026,8,XD_8148_GA_Macon.MDGA,13028.44,13.45,13.08,18.86,50.28,1.5,278,969
2026,8,XD_8145_IA_Davenport.CAPL,4746.67,10.6,12.89,19.82,28.82,1.5,122,448
2026,8,XD_8170_AZ_Kingman.AVBV,4417.08,11.21,12.82,16.17,16.43,1.5,60,394
2026,8,XD_8155_MD_Annapolis.PXCR,1678.05,7.77,12.67,18.24,24.75,1.5,40,216
2026,8,XD_8160_NY_Syracuse.YZER,54467.39,15.38,12.58,17.69,245.52,1.5,473,3542
2026,8,XD_8163_PA_Pittsburgh.YZER,22003.89,15.4,12.57,15.54,85.1,1.5,176,1429
2026,8,XD_8148_GA_ForestPark.MDGA,7196.56,10.11,12.43,19.07,29.41,1.5,106,712
2026,8,XD_8173_WA_Spokane.WPXC,25329.08,15.71,12.39,28.75,70.57,1.5,365,1612
2026,8,XD_8145_WI_EauClaire.CAPL,12443.42,13.41,12.24,17.69,23.25,1.5,135,928
2026,8,XD_8160_NY_Middletown.AXLG,13102.44,12.36,12.23,15.78,39.88,1.5,234,1060
2026,8,XD_8145_MN_Clearwater.CAPL,9297.03,11.16,12.21,13.36,32.96,1.5,135,833
2026,8,XD_8180_UT_Midvale.IHEA,10518.6,18.04,12.21,21.84,94.57,1.5,175,583
2026,8,XD_8131_WY_Cheyenne.ARHG,2449.8,9.35,12.13,36.04,64.99,1.5,62,262
2026,8,XD_8149_TN_Memphis.YZER,39638.22,17.22,12.04,16.09,273.85,1.5,229,2302
2026,8,XD_8110_VT_EssexJunction.PXCR,30698.19,37.35,12.02,14.73,324.55,1.5,75,822
2026,8,XD_8145_MN_Mankato.CAPL,6944.98,10.8,11.79,26.3,37.28,1.5,105,643
2026,8,XD_8110_NH_Bedford.PXCR,16830.97,10.11,11.77,13.98,22.35,1.5,228,1665
2026,8,XD_8162_OH_Toledo.KBDL,17313.52,10.44,11.71,20.85,27.68,1.5,240,1658
2026,8,XD_8162_IN_SouthBend.YZER,31948.6,12.61,11.54,17.3,27.55,1.5,270,2534
2026,8,XD_8120_VA_Richmond.YZER,19368.81,13.39,11.51,25.93,55.72,1.5,250,1446
2026,8,XD_8126_AL_Montgomery.YZER,20861.04,12.65,11.37,18.84,42.38,1.5,203,1649
2026,8,"8115.YZER",14689.99,9.55,11.28,17.67,27.12,1.49,135,1538
2026,8,XD_8163_OH_Cleveland.YZER,4015.57,19.78,11.04,20.37,51.58,1.48,59,203
2026,8,XD_8182_NV_Reno.DSOA,9868.19,14.39,11.03,27.82,108.4,1.48,116,686
2026,8,"8170.DSOA",1684.94,11.23,10.94,11.76,13.37,1.48,14,150
2026,8,XD_8160_CT_RockyHill.YZER,107822.38,35.69,10.51,13.76,831.84,1.46,309,3021
2026,8,XD_8145_WI_LaCrosse.CAPL,5071.93,11.58,10.25,18.42,32.16,1.45,119,438
2026,8,XD_8195_FL_Pensacola.HDSD,6285.71,9.81,10.19,18.34,33.03,1.45,143,641
2026,8,XD_8145_ND_GrandForks.CAPL,8394.34,22.69,10.18,24.1,667.51,1.45,75,370
2026,8,XD_8163_KY_Louisville.KBDL,25464.54,15.93,10.15,31.6,87.71,1.45,357,1599
2026,8,XD_8126_AL_Mobile.YZER,28488.79,18.73,10.09,20.33,1361.18,1.44,167,1521
2026,8,"8126.YZER",60941.7,15.02,9.98,14.63,210.86,1.44,385,4058
2026,8,"8155.YZER",125.65,9.67,9.86,10.17,10.48,1.43,3,13
2026,8,XD_8115_TX_Carrollton.DSOA,17327.49,9.81,9.75,22.73,30.43,1.43,180,1767
2026,8,"8138.XPRS",32694.19,17.84,9.71,27.5,1897.04,1.43,237,1833
2026,8,XD_8126_AL_Madison.YZER,18970.28,10.13,9.69,11.01,95.12,1.43,214,1873
2026,8,XD_8145_IA_SiouxCity.CAPL,3565.05,9.48,9.68,15.58,18.6,1.43,75,376
2026,8,XD_8183_MO_STLROI.CAPL,5319.6,7.56,9.49,12.12,19.68,1.42,120,704
2026,8,XD_8165_AR_FortSmith.CAPL,25109.82,23.1,9.32,16.37,1184.29,1.41,117,1087
2026,8,XD_8183_MO_Columbia.CAPL,10196.18,10.28,9.28,14.18,28.66,1.41,135,992
2026,8,XD_8160_NY_Colonie.AXLG,54871.82,51.09,9.24,30.23,517.16,1.41,283,1074
2026,8,"8110.YZER",40277.84,9.4,9.21,12.85,32.33,1.41,483,4284
2026,8,XD_8162_PA_Pittsburgh.YZER,155930.54,63.16,9.11,18.95,1337.05,1.4,270,2469
2026,8,XD_8147_CA_SantaBarbara.YZER,11888.66,9.39,9.07,14.83,30.19,1.4,165,1266
2026,8,XD_8170_AZ_Yuma.AVBV,1172.79,4.04,9.04,9.04,43.28,1.4,34,290
2026,8,"8160.LEXQ",582.32,9.24,8.97,10.33,11.77,1.39,19,63
2026,8,XD_8148_SC_Greenville.YZER,17061.11,9.61,8.95,17.83,36.82,1.39,251,1776
2026,8,XD_8126_MS_Tupelo.YZER,8623.78,14.74,8.88,13.24,172.82,1.39,75,585
2026,8,XD_8120_NC_Greensboro.YZER,19780.96,9.49,8.87,13.18,38.85,1.39,381,2085
2026,8,XD_8180_ID_Pocatello.RIDS,4637.35,9.66,8.87,20.86,32.09,1.39,75,480
2026,8,XD_8182_CA_Petaluma.FCCD,9614.2,9.71,8.7,14.27,31.65,1.38,199,990
2026,8,XD_8182_CA_Eureka.FCCD,2028.68,7.99,8.55,11.22,13.47,1.37,63,254
2026,8,XD_8110_CT_Meriden.PXCR,617.68,7.27,8.36,9.24,9.25,1.37,35,85
2026,8,XD_8163_OH_Dayton.KBDL,10490.73,10.6,8.34,13.94,42.04,1.36,172,990
2026,8,XD_8182_CA_Fresno.YZER,21748.05,19.37,8.33,13.11,198.09,1.36,165,1123
2026,8,XD_8173_OR_Salem.DSOA,5197.76,10.78,8.2,17.72,19.94,1.36,75,482
2026,8,XD_8160_NY_Cheektowaga.YZER,46209.48,26.26,8.08,17.35,406.38,1.35,300,1760
2026,8,XD_8110_ME_Westbrook.PXCR,7101.75,9.74,7.99,17.02,27.93,1.35,210,729
2026,8,"8163.KBDL",637.53,7.33,7.97,8.04,8.24,1.35,24,87
2026,8,XD_8162_OH_Cleveland.YZER,30548.19,9.61,7.96,13.97,31.9,1.35,429,3179
2026,8,XD_8195_FL_Ocala.HDSD,3762.5,6.69,7.94,8.06,9.46,1.34,60,562
2026,8,XD_8180_ID_TwinFalls.RIDS,3716.42,8.96,7.93,15.71,31.47,1.34,60,415
2026,8,XD_8173_OR_Pendleton.DSOA,5845.16,9.55,7.88,9.89,36.22,1.34,94,612
2026,8,XD_8180_UT_SaltLakeCity.RIDS,37476.0,12.69,7.77,14.47,135.39,1.34,584,2953
2026,8,"8165.CAPL",38430.41,7.73,7.76,13.16,112.87,1.34,411,4971
2026,8,XD_8131_SD_RapidCity.CAPL,3124.55,10.77,7.57,16.78,34.86,1.33,60,290
2026,8,XD_8162_MI_Flint.YZER,19723.97,11.06,7.53,15.2,38.02,1.32,197,1783
2026,8,XD_8115_TX_Harlingen.HDSD,12237.15,6.44,7.01,8.06,59.63,1.3,187,1901
2026,8,XD_8145_NE_Lincoln.CAPL,7472.14,8.1,6.96,11.8,25.59,1.29,150,923
2026,8,XD_8165_OK_Tulsa.CAPL,18942.99,7.28,6.94,11.53,57.89,1.29,240,2602
2026,8,"8195.YZER",4893.41,6.12,6.91,10.21,15.25,1.29,76,799
2026,8,XD_8173_OR_Eugene.DSOA,7888.74,8.75,6.9,11.71,26.55,1.29,138,902
2026,8,XD_8148_TN_Chattanooga.MDGA,7104.85,6.99,6.83,9.07,16.74,1.29,124,1016
2026,8,XD_8126_LA_NewOrleans.HDSD,15232.8,7.72,6.72,11.48,25.26,1.28,393,1974
2026,8,XD_8149_TN_Nashville.YZER,780.89,9.41,6.65,6.65,35.29,1.27,19,83
2026,8,XD_8148_NC_Charlotte.YZER,24368.85,8.69,6.62,13.74,39.18,1.27,482,2804
2026,8,"8183.YZER",391.58,5.93,6.52,6.52,6.53,1.27,15,66
2026,8,XD_8182_CA_Salida.YZER,11657.13,7.39,6.46,10.03,61.98,1.26,214,1577
2026,8,XD_8163_TN_Nashville.YZER,21524.32,7.38,6.42,10.44,37.04,1.26,308,2917
2026,8,XD_8170_TX_ElPaso.DMYC,10799.31,8.89,6.41,23.4,128.03,1.26,231,1215
2026,8,XD_8170_NM_Albuquerque.DMYC,27295.75,14.35,6.29,35.01,90.0,1.25,422,1902
2026,8,XD_8115_TX_SanAntonioYZER.YZER,47019.37,9.91,6.28,17.79,45.96,1.25,410,4743
2026,8,XD_8144_WI_MilwaukeeMed.MEDD,9252.87,6.92,6.13,10.36,72.67,1.24,260,1337
2026,8,XD_8195_FL_Tampa.YZER,32469.22,7.37,6.13,11.3,80.55,1.24,380,4404
2026,8,XD_8112_WA_Arlington.YZER,26372.7,7.05,6.12,9.81,45.22,1.24,426,3741
2026,8,"8148.YZER",31543.7,6.67,6.06,8.87,36.5,1.24,488,4731
2026,8,XD_8165_TX_Midland.HDSD,5060.05,9.15,6.03,30.96,45.48,1.24,101,553
2026,8,XD_8173_WA_Yakima.WPXC,4056.88,7.19,6.02,11.62,23.77,1.24,90,564
2026,8,XD_8195_FL_Jacksonville.YZER,10529.23,7.38,5.97,8.15,87.79,1.23,161,1426
2026,8,XD_8145_MO_KansasCity.CAPL,31420.72,8.94,5.92,15.59,42.06,1.23,648,3514
2026,8,XD_8170_AZ_PrescottValley.AVBV,2033.01,5.89,5.91,6.39,6.39,1.23,30,345
2026,8,XD_8145_MN_Brainerd.CAPL,2034.6,5.7,5.85,6.81,8.44,1.23,45,357
2026,8,XD_8115_LA_NewOrleans.HDSD,13759.21,14.7,5.74,11.44,286.44,1.22,223,936
2026,8,XD_8183_MO_Joplin.CAPL,973.93,4.16,5.61,7.3,11.1,1.21,33,234
2026,8,XD_8148_SC_Charleston.YZER,4703.38,4.53,5.48,7.75,13.52,1.2,128,1039
2026,8,XD_8163_IN_Indianapolis.KBDL,11997.55,9.0,5.47,15.4,26.89,1.2,180,1333
2026,8,XD_8165_KS_Wichita.CAPL,7688.95,8.71,5.47,13.25,43.1,1.2,189,883
2026,8,XD_8115_LA_BatonRouge.HDSD,9725.59,7.3,5.44,13.05,61.11,1.2,192,1332
2026,8,"8112.YZER",2094.57,5.36,5.43,8.08,11.1,1.2,53,391
2026,8,XD_8155_NJ_Moorestown.YZER,36276.03,5.74,5.31,7.5,23.16,1.19,590,6323
2026,8,"8183.CAPL",91.75,8.34,5.26,9.5,22.23,1.19,4,11
2026,8,XD_8144_IL_Naperville.YZER,46770.58,6.06,5.18,7.49,49.58,1.18,747,7717
2026,8,XD_8173_OR_Portland.DSOA,15676.21,5.78,5.08,7.97,31.15,1.18,320,2712
2026,8,XD_8120_VA_Norfolk.YZER,5871.18,5.71,5.07,13.83,32.63,1.18,181,1029
2026,8,XD_8195_FL_Orlando.YZER,23576.36,6.65,4.83,7.82,338.18,1.16,350,3547
2026,8,XD_8163_OH_Cincinnati.KBDL,10924.55,7.3,4.8,7.98,26.62,1.16,229,1497
2026,8,XD_8147_CA_PalmSprings.YZER,4815.1,6.34,4.61,8.87,22.34,1.14,90,759
2026,8,XD_8162_MI_Livonia.YZER,47302.71,5.4,4.57,6.49,37.91,1.14,825,8765
2026,8,XD_8183_MO_StLouis.YZER,58395.56,13.13,4.57,17.86,255.6,1.14,377,4446
2026,8,XD_8144_WI_Milwaukee.YZER,19165.41,9.03,4.51,6.37,156.29,1.13,154,2122
2026,8,XD_8182_CA_Sacramento.YZER,19605.55,5.68,4.46,9.3,40.22,1.13,402,3451
2026,8,XD_8120_VA_Madisonheights.YZER,1490.54,5.65,4.45,7.98,16.19,1.13,60,264
2026,8,XD_8182_CA_UnionCity.YZER,29092.78,4.91,4.42,6.47,37.64,1.13,573,5930
2026,8,XD_8195_FL_WestPalmBeach.YZER,10048.32,5.21,4.34,5.91,20.17,1.12,135,1930
2026,8,XD_8115_TX_Austin.YZER,24023.06,6.85,4.28,9.88,27.19,1.12,259,3507
2026,8,XD_8131_CO_DenverYzer.YZER,12773.22,11.06,4.26,20.01,65.63,1.12,60,1155
2026,8,XD_8144_WI_Madison.YZER,14449.49,7.95,4.25,13.1,24.12,1.11,247,1818
2026,8,XD_8120_MD_Hanover.YZER,35050.68,5.12,4.25,7.41,46.98,1.11,637,6842
2026,8,XD_8180_UT_SaltLakeCityDSOA.DSOA,3852.2,3.49,4.19,6.71,18.83,1.11,248,1105
2026,8,XD_8183_KS_LeavenworthCMOP.ACKG,331.17,3.76,4.14,6.9,10.35,1.11,31,88
2026,8,XD_8145_IA_CedarRapids.CAPL,4035.64,5.28,4.12,13.0,20.79,1.1,154,764
2026,8,XD_8115_TX_Houston.YZER,48001.99,5.55,3.99,7.76,107.36,1.09,605,8651
2026,8,XD_8182_CA_Redding.FCCD,5282.09,14.12,3.94,30.68,40.7,1.09,84,374
2026,8,"8173.DSOA",1730.53,3.47,3.93,4.59,9.76,1.09,45,499
2026,8,XD_8180_ID_Boise.RIDS,6066.93,5.48,3.88,6.41,18.75,1.08,150,1108
2026,8,XD_8165_AR_Springdale.CAPL,5731.32,4.26,3.87,4.49,15.9,1.08,96,1345
2026,8,"8147.YZER",52134.92,6.71,3.85,7.91,247.05,1.08,926,7774
2026,8,XD_8147_CA_Ontario.YZER,19569.44,4.67,3.77,7.24,22.57,1.08,405,4194
2026,8,XD_8165_TX_Carrollton.DSOA,51079.74,5.26,3.67,5.83,64.96,1.07,795,9712
2026,8,XD_8195_FL_Gainesville.HDSD,2808.2,6.61,3.61,12.25,23.56,1.06,119,425
2026,8,"8131.YZER",23932.69,6.46,3.51,6.52,79.03,1.05,206,3704
2026,8,XD_8145_NE_Omaha.CAPL,11748.17,7.28,3.5,14.66,36.54,1.05,268,1614
2026,8,XD_8115_TX_CorpusChristi.HDSD,6189.75,7.72,3.45,14.48,20.52,1.05,105,802
2026,8,XD_8195_FL_Miami.YZER,19385.9,6.05,3.38,5.95,346.24,1.04,256,3205
2026,8,XD_8173_OR_CentralPoint.DSOA,15028.91,22.46,3.29,13.45,624.75,1.03,147,669
2026,8,XD_8112_WA_Auburn.YZER,41207.63,4.69,3.28,5.25,478.46,1.03,796,8783
2026,8,XD_8145_MN_StPaul.CAPL,31006.29,5.51,3.2,5.57,858.94,1.02,772,5625
2026,8,XD_8160_NY_Farmingdale.YZER,26231.86,3.53,3.15,4.46,25.43,1.02,497,7427
2026,8,XD_8147_CA_SanDiego.YZER,19267.07,5.5,3.0,4.28,349.92,1.0,318,3506
2026,8,XD_8170_NV_LasVegas.YZER,8466.85,4.05,2.98,3.49,164.53,1.0,176,2090
2026,8,XD_8170_AZ_Tucson.DSOA,12309.97,5.75,2.97,8.03,33.8,1.0,198,2140
2026,8,"8170.AVBV",13295.35,3.86,2.96,6.25,255.67,1.0,309,3442
2026,8,XD_8155_NJ_Carlstadt.YZER,31763.01,2.98,2.91,4.32,19.48,0.99,874,10663
2026,8,XD_8147_CA_LosAngeles.YZER,79383.22,8.33,2.72,3.58,823.09,0.97,884,9526
2026,8,XD_8173_OR_Bend.DSOA,4348.07,8.11,2.61,15.18,58.2,0.96,98,536
2026,8,XD_8147_CA_Bakersfield.YZER,1943.81,2.87,2.43,4.06,4.09,0.94,75,677
2026,8,XD_8170_AZ_Chandler.AVBV,11583.12,3.27,2.28,3.18,29.54,0.92,240,3543
2026,8,XD_8130_AK_Anchorage.WPXC,4235.62,5.88,2.27,2.85,21.61,0.92,135,720
2026,8,XD_8160_NJ_Carlstadt.YZER,3649.56,1.89,2.16,2.62,21.05,0.91,165,1932
2026,8,XD_8165_KS_Emporia.CAPL,851.4,13.1,1.52,39.16,39.16,0.82,25,65
2026,8,XD_8160_MA_ChelmsfordCMOP.YZER,1.21,0.01,0.01,0.01,0.02,0.18,15,98
2026,8,XD_8115_TX_SanAntonioHEB.YZER,0.06,0.0,0.0,0.0,0.0,0.0,15,654
